"snp_id","P1","P2","chrom","genome_pos","ref","alt","geno.Ind_1","geno.Ind_2","geno.Ind_3","geno.Ind_4","geno.Ind_5","geno.Ind_6","geno.Ind_7","geno.Ind_8","geno.Ind_9","geno.Ind_10","geno.Ind_11","geno.Ind_12","geno.Ind_13","geno.Ind_14","geno.Ind_15","geno.Ind_16","geno.Ind_17","geno.Ind_18","geno.Ind_19","geno.Ind_20","geno.Ind_21","geno.Ind_22","geno.Ind_23","geno.Ind_24","geno.Ind_25","geno.Ind_26","geno.Ind_27","geno.Ind_28","geno.Ind_29","geno.Ind_30","geno.Ind_31","geno.Ind_32","geno.Ind_33","geno.Ind_34","geno.Ind_35","geno.Ind_36","geno.Ind_37","geno.Ind_38","geno.Ind_39","geno.Ind_40","geno.Ind_41","geno.Ind_42","geno.Ind_43","geno.Ind_44","geno.Ind_45","geno.Ind_46","geno.Ind_47","geno.Ind_48","geno.Ind_49","geno.Ind_50","geno.Ind_51","geno.Ind_52","geno.Ind_53","geno.Ind_54","geno.Ind_55","geno.Ind_56","geno.Ind_57","geno.Ind_58","geno.Ind_59","geno.Ind_60","geno.Ind_61","geno.Ind_62","geno.Ind_63","geno.Ind_64","geno.Ind_65","geno.Ind_66","geno.Ind_67","geno.Ind_68","geno.Ind_69","geno.Ind_70","geno.Ind_71","geno.Ind_72","geno.Ind_73","geno.Ind_74","geno.Ind_75","geno.Ind_76","geno.Ind_77","geno.Ind_78","geno.Ind_79","geno.Ind_80","geno.Ind_81","geno.Ind_82","geno.Ind_83","geno.Ind_84","geno.Ind_85","geno.Ind_86","geno.Ind_87","geno.Ind_88","geno.Ind_89","geno.Ind_90","geno.Ind_91","geno.Ind_92","geno.Ind_93","geno.Ind_94","geno.Ind_95","geno.Ind_96","geno.Ind_97","geno.Ind_98","geno.Ind_99","geno.Ind_100","geno.Ind_101","geno.Ind_102","geno.Ind_103","geno.Ind_104","geno.Ind_105","geno.Ind_106","geno.Ind_107","geno.Ind_108","geno.Ind_109","geno.Ind_110","geno.Ind_111","geno.Ind_112","geno.Ind_113","geno.Ind_114","geno.Ind_115","geno.Ind_116","geno.Ind_117","geno.Ind_118","geno.Ind_119","geno.Ind_120","geno.Ind_121","geno.Ind_122","geno.Ind_123","geno.Ind_124","geno.Ind_125","geno.Ind_126","geno.Ind_127","geno.Ind_128","geno.Ind_129","geno.Ind_130","geno.Ind_131","geno.Ind_132","geno.Ind_133","geno.Ind_134","geno.Ind_135","geno.Ind_136","geno.Ind_137","geno.Ind_138","geno.Ind_139","geno.Ind_140","geno.Ind_141","geno.Ind_142","geno.Ind_143","geno.Ind_144","geno.Ind_145","geno.Ind_146","geno.Ind_147","geno.Ind_148","geno.Ind_149","geno.Ind_150","geno.Ind_151","geno.Ind_152","geno.Ind_153","geno.Ind_154","geno.Ind_155","geno.Ind_156","geno.Ind_157","geno.Ind_158","geno.Ind_159","geno.Ind_160","geno.Ind_161","geno.Ind_162","geno.Ind_163","geno.Ind_164","geno.Ind_165","geno.Ind_166","geno.Ind_167","geno.Ind_168","geno.Ind_169","geno.Ind_170","geno.Ind_171","geno.Ind_172","geno.Ind_173","geno.Ind_174","geno.Ind_175","geno.Ind_176","geno.Ind_177","geno.Ind_178","geno.Ind_179","geno.Ind_180","geno.Ind_181","geno.Ind_182","geno.Ind_183","geno.Ind_184","geno.Ind_185","geno.Ind_186","geno.Ind_187","geno.Ind_188","geno.Ind_189","geno.Ind_190","geno.Ind_191","geno.Ind_192","geno.Ind_193","geno.Ind_194","geno.Ind_195","geno.Ind_196","geno.Ind_197","geno.Ind_198","geno.Ind_199","geno.Ind_200","geno.Ind_201","geno.Ind_202","geno.Ind_203","geno.Ind_204","geno.Ind_205","geno.Ind_206","geno.Ind_207","geno.Ind_208","geno.Ind_209","geno.Ind_210","geno.Ind_211","geno.Ind_212","geno.Ind_213","geno.Ind_214","geno.Ind_215","geno.Ind_216","geno.Ind_217","geno.Ind_218","geno.Ind_219","geno.Ind_220","geno.Ind_221","geno.Ind_222","geno.Ind_223","geno.Ind_224","geno.Ind_225","geno.Ind_226","geno.Ind_227","geno.Ind_228","geno.Ind_229","geno.Ind_230","geno.Ind_231","geno.Ind_232","geno.Ind_233","geno.Ind_234","geno.Ind_235","geno.Ind_236","geno.Ind_237","geno.Ind_238","geno.Ind_239","geno.Ind_240","geno.Ind_241","geno.Ind_242","geno.Ind_243","geno.Ind_244","geno.Ind_245","geno.Ind_246","geno.Ind_247","geno.Ind_248","geno.Ind_249","geno.Ind_250","geno.Ind_251","geno.Ind_252","geno.Ind_253","geno.Ind_254","geno.Ind_255","geno.Ind_256","geno.Ind_257","geno.Ind_258","geno.Ind_259","geno.Ind_260","geno.Ind_261","geno.Ind_262","geno.Ind_263","geno.Ind_264","geno.Ind_265","geno.Ind_266","geno.Ind_267","geno.Ind_268","geno.Ind_269","geno.Ind_270","geno.Ind_271","geno.Ind_272","geno.Ind_273","geno.Ind_274","geno.Ind_275","geno.Ind_276","geno.Ind_277","geno.Ind_278","geno.Ind_279","geno.Ind_280","geno.Ind_281","geno.Ind_282","geno.Ind_283","geno.Ind_284","geno.Ind_285","geno.Ind_286","geno.Ind_287","geno.Ind_288","geno.Ind_289","geno.Ind_290","geno.Ind_291","geno.Ind_292","geno.Ind_293","geno.Ind_294","geno.Ind_295","geno.Ind_296","geno.Ind_297","geno.Ind_298","geno.Ind_299","geno.Ind_300"
"Ch_1_M_1",2,5,"Ch1",1,"C","T",5,4,2,4,4,3,3,3,4,4,4,3,3,4,3,4,3,3,4,4,3,3,5,2,4,3,3,4,4,4,4,4,3,3,2,5,4,3,4,3,4,3,4,3,3,4,3,3,3,4,3,3,3,3,5,2,3,3,4,4,4,3,4,2,3,4,3,4,4,3,3,5,2,5,3,3,2,3,3,4,2,4,3,3,4,3,3,3,4,4,4,3,3,3,4,5,4,5,3,5,2,3,4,5,3,4,4,5,3,3,4,2,2,4,4,5,4,2,3,4,3,4,4,3,3,3,2,4,4,2,3,4,3,4,3,3,3,4,4,4,4,3,2,4,3,4,3,3,2,4,3,3,4,4,4,3,2,3,2,3,4,3,4,3,5,2,4,5,5,4,3,4,4,3,4,4,3,3,4,3,3,4,5,3,2,3,4,5,4,3,5,3,4,3,4,4,3,5,3,3,3,4,3,3,5,4,4,2,4,5,4,4,2,3,3,4,4,5,3,4,2,4,4,3,2,2,4,3,3,4,5,3,3,3,3,3,4,4,4,4,3,4,5,4,5,4,4,4,3,4,4,4,4,2,3,4,4,5,4,4,3,3,3,4,2,4,4,3,3,3,2,4,4,4,3,3,4,4,4,2,3,4,3,4,4,3,3,3,3,3,4,2,4,4,4,2,4,4,3,2
"Ch_1_M_2",2,0,"Ch1",2,"T","C",1,1,1,1,1,1,1,1,1,1,1,1,1,0,0,1,2,1,2,2,0,2,1,1,1,1,0,2,1,1,1,2,1,1,1,1,1,1,2,1,1,2,2,2,1,0,0,1,1,1,1,1,1,1,1,1,2,2,1,1,0,1,1,1,0,0,1,2,1,1,1,1,1,1,1,1,1,1,1,1,1,2,1,0,1,1,1,2,1,2,2,1,1,1,1,1,1,1,1,1,1,0,1,1,2,1,1,1,1,1,1,1,1,0,2,1,1,1,1,0,0,1,1,1,1,2,1,1,1,1,1,1,0,2,0,2,1,2,1,0,1,1,1,0,1,1,0,2,1,2,1,1,2,1,0,1,1,1,1,1,0,1,1,2,1,1,0,1,1,1,2,0,1,1,1,2,1,1,0,0,1,1,1,1,1,2,1,1,1,2,1,1,0,1,1,0,1,1,1,0,1,1,0,1,1,1,2,1,1,1,1,0,1,2,1,1,0,1,0,1,1,1,1,0,1,1,1,1,1,1,1,2,2,2,0,0,0,1,0,1,2,1,1,1,1,1,1,0,2,0,2,0,1,1,1,1,1,1,2,2,1,1,2,2,1,1,1,0,1,1,1,1,1,0,1,1,2,2,1,1,1,2,1,1,2,0,1,0,2,0,1,1,1,0,1,1,1,1,1,1
"Ch_1_M_3",4,3,"Ch1",3,"C","G",3,3,3,4,3,3,4,3,4,3,5,4,3,3,4,4,4,4,4,4,4,3,4,3,5,3,3,4,3,3,3,4,4,4,3,4,5,4,4,3,5,3,3,3,3,3,3,4,3,3,5,3,5,4,5,3,3,3,4,4,4,3,4,3,3,4,3,5,2,3,3,3,3,4,4,4,4,4,3,4,3,4,5,3,3,2,4,3,3,5,3,3,3,4,4,4,3,4,4,3,4,4,4,4,4,4,3,3,4,3,4,2,4,4,4,3,3,3,3,4,4,4,5,3,2,3,2,4,4,3,3,3,2,4,3,3,3,4,4,3,4,3,3,4,2,3,3,3,3,3,3,2,4,4,3,3,2,4,3,3,4,3,3,2,5,3,4,3,5,4,3,3,3,2,2,4,3,4,4,3,3,5,5,4,3,3,5,4,3,2,4,3,4,3,3,4,3,4,3,4,4,3,3,3,4,4,3,3,3,4,3,3,4,4,3,3,4,4,4,3,3,3,4,3,3,3,4,4,3,4,4,3,3,3,3,3,3,4,4,3,2,3,4,3,3,3,4,4,4,4,4,3,4,3,4,4,3,4,4,4,5,3,3,4,2,4,4,4,3,4,4,2,3,4,4,3,3,4,3,2,4,3,4,4,4,3,3,3,3,4,4,3,4,3,3,4,5,3,4,3
"Ch_1_M_4",4,1,"Ch1",4,"T","A",3,3,3,3,3,2,2,3,3,3,2,2,3,3,2,3,2,2,2,3,2,2,2,2,2,2,2,3,2,3,3,3,2,2,2,3,2,3,2,3,2,2,3,3,2,3,2,3,2,3,2,3,2,2,2,3,2,2,2,2,3,2,2,3,3,3,3,2,3,2,2,3,2,3,2,3,2,2,3,2,3,2,2,3,3,3,2,2,3,2,3,2,3,2,3,3,3,3,3,3,2,2,2,3,2,3,3,3,2,3,2,3,2,2,2,3,3,3,3,3,2,2,2,2,3,3,3,2,2,2,2,3,3,2,3,2,3,2,2,3,2,3,3,2,3,3,3,3,3,3,2,3,2,2,3,2,3,2,2,2,2,2,2,3,2,3,3,3,2,3,2,3,3,3,3,3,3,2,2,2,3,2,2,2,3,3,2,3,2,3,3,3,2,2,3,3,3,2,2,2,3,3,2,3,3,2,3,2,3,2,3,3,2,2,2,3,3,2,2,3,3,2,2,2,3,2,2,2,2,3,2,3,3,3,2,3,3,3,3,3,3,3,2,2,3,3,2,3,2,2,3,3,2,3,2,3,3,3,2,3,2,3,2,3,3,3,2,2,2,3,2,3,3,3,2,2,3,3,3,3,2,3,2,2,3,2,3,2,2,2,2,3,2,3,2,3,2,3,2,2
"Ch_1_M_5",3,2,"Ch1",5,"T","C",2,3,2,2,2,3,3,3,2,1,3,3,2,4,2,3,2,3,3,2,3,2,3,3,2,2,3,2,2,4,3,2,3,2,3,2,2,3,2,2,2,3,2,1,3,3,3,3,3,2,3,2,3,3,2,3,3,2,2,4,3,2,1,1,2,2,4,2,2,3,2,3,4,1,4,3,3,2,1,4,2,3,3,3,2,2,1,2,1,2,3,3,3,4,2,2,3,2,3,2,2,2,3,1,2,3,3,2,2,1,2,3,3,3,3,2,4,3,1,2,2,2,2,3,2,1,3,2,4,4,3,2,3,3,3,2,2,3,4,3,2,2,3,4,3,2,2,1,2,3,2,3,3,1,3,3,3,1,4,3,3,3,2,2,2,2,2,2,2,2,2,3,3,3,2,2,1,4,3,3,4,2,2,2,3,2,2,1,3,2,2,1,3,4,3,3,3,3,3,3,3,2,3,3,2,3,2,3,2,3,3,4,3,2,3,2,3,3,3,1,2,2,4,3,2,3,2,4,2,1,2,1,2,2,3,2,3,2,3,3,2,2,3,2,2,3,2,2,2,4,2,4,3,2,4,2,1,1,2,2,3,2,2,1,3,3,1,3,2,3,3,2,4,3,2,2,2,1,4,3,4,3,3,4,1,3,2,3,2,2,3,3,2,3,2,2,2,2,4,3
"Ch_1_M_6",1,2,"Ch1",6,"C","C",2,2,2,2,2,1,1,1,2,2,1,1,2,1,1,2,2,0,1,3,1,1,1,1,2,2,0,3,1,1,1,2,1,1,1,3,2,2,2,2,2,1,3,2,1,1,1,1,0,2,1,1,1,1,2,1,1,1,2,1,1,1,2,3,1,2,1,2,2,1,2,2,0,3,1,2,1,1,3,1,1,2,1,1,3,2,2,2,3,2,2,1,1,1,3,2,1,2,2,2,1,1,1,3,2,2,2,3,1,2,2,1,0,1,2,2,1,1,3,2,1,2,2,0,2,3,1,2,1,0,1,3,1,2,1,1,2,2,1,2,1,2,1,1,1,1,2,2,1,2,2,1,2,2,2,1,1,2,0,1,1,0,1,2,2,1,2,2,2,2,1,2,2,1,2,2,2,1,1,1,1,2,2,1,1,2,2,3,1,2,3,3,1,0,2,2,1,2,0,1,1,3,0,1,2,1,3,1,2,2,1,1,0,2,1,2,2,1,1,2,1,2,1,1,1,0,2,1,2,3,2,2,2,2,0,2,2,2,2,1,2,3,2,1,3,1,2,2,2,0,2,1,2,1,0,2,3,3,2,2,1,1,2,3,1,2,2,0,2,2,1,2,1,2,1,2,2,3,1,1,0,2,1,1,3,1,2,0,2,1,1,1,2,2,2,2,2,3,0,1
"Ch_1_M_7",3,0,"Ch1",7,"A","G",1,2,2,2,1,2,2,2,2,1,2,2,1,2,2,2,1,2,2,1,2,1,1,2,1,1,2,1,1,2,2,1,2,1,2,1,1,2,1,2,1,1,1,1,2,2,2,2,2,1,2,2,2,2,1,2,1,1,1,2,2,1,1,1,2,2,2,1,1,1,1,1,2,1,2,2,2,1,1,2,2,1,2,2,1,1,1,1,1,1,1,1,2,2,1,1,2,1,2,1,2,2,1,1,1,2,2,1,1,1,1,2,2,2,1,1,2,2,1,2,2,1,1,2,1,1,2,1,2,2,1,1,2,1,2,1,1,1,2,2,1,1,2,2,2,2,2,1,2,1,1,2,1,1,2,1,2,1,2,1,2,2,1,1,1,2,2,1,1,2,1,2,1,2,1,1,1,2,2,2,2,1,1,2,2,1,1,1,1,1,1,1,2,2,1,2,2,1,2,2,2,1,2,2,1,1,1,2,1,1,2,2,2,1,1,1,2,1,2,1,2,1,2,2,2,2,1,2,1,1,1,1,1,1,2,2,2,2,2,2,1,1,1,1,1,1,1,2,1,2,1,2,1,2,2,1,1,1,1,1,2,2,1,1,2,2,1,2,1,2,2,1,2,2,2,1,1,1,2,2,2,1,2,2,1,2,2,2,1,2,2,2,1,2,1,2,1,1,2,2
"Ch_1_M_8",3,1,"Ch1",8,"G","A",1,2,3,2,1,3,3,3,2,2,2,2,2,2,3,2,2,3,2,1,3,2,1,3,1,2,3,1,2,2,2,1,3,2,3,1,2,2,1,3,1,2,1,2,3,2,3,2,3,2,2,3,2,3,1,3,2,2,1,2,2,2,2,2,3,2,2,1,2,2,2,1,3,1,2,2,3,2,2,2,3,1,2,3,1,2,2,2,2,1,1,2,3,2,1,1,2,1,2,1,3,3,1,1,2,2,2,1,2,2,1,3,3,2,1,1,2,3,2,2,3,1,1,3,2,2,3,2,2,3,2,1,3,1,3,2,2,1,2,2,2,2,3,2,3,3,3,2,3,1,2,3,1,2,2,2,3,2,3,2,2,3,2,2,1,3,2,1,1,2,2,2,1,3,2,1,2,2,2,3,2,1,1,3,3,2,1,1,2,2,1,2,2,3,1,2,2,1,3,3,2,1,3,3,1,1,1,3,2,1,2,2,3,2,2,1,2,1,3,2,2,2,2,3,3,3,1,2,2,1,1,2,2,2,3,3,2,2,2,2,2,1,1,2,1,1,1,2,2,2,1,2,1,3,2,1,2,1,1,1,2,3,2,1,3,2,2,3,2,2,3,2,2,2,3,2,1,1,2,3,2,1,3,2,1,3,3,3,2,3,2,2,1,2,2,2,1,1,2,3
"Ch_1_M_9",2,1,"Ch1",9,"C","G",1,2,2,3,1,2,2,1,2,1,2,2,1,2,3,2,1,1,1,1,3,0,1,2,2,2,2,1,1,1,1,0,2,1,2,2,2,2,1,2,2,0,1,0,2,2,3,1,1,1,2,1,2,2,2,1,0,0,2,2,2,1,2,1,2,3,1,1,1,1,2,1,1,2,2,2,2,1,2,2,1,1,2,2,2,1,2,1,2,1,0,1,1,2,2,1,1,1,2,1,2,3,1,2,1,2,2,2,1,1,2,1,1,3,1,1,1,1,2,3,3,2,2,1,1,1,1,2,2,1,1,2,2,1,2,0,1,1,2,3,1,1,1,3,1,3,3,0,1,0,2,1,1,2,3,1,1,2,1,1,3,1,1,0,2,1,3,1,2,2,0,3,1,1,1,0,1,2,3,3,2,2,2,2,1,0,2,1,1,0,2,2,3,1,0,3,1,2,1,3,1,2,2,2,1,1,1,2,1,2,1,2,1,1,1,1,3,1,3,1,1,2,2,3,1,1,2,2,2,2,2,0,0,0,2,3,3,2,3,1,0,2,2,1,2,1,2,3,1,2,0,2,2,1,1,2,1,2,1,0,2,1,1,1,1,2,2,2,2,2,2,1,1,3,2,2,0,1,1,1,1,0,2,2,1,3,2,2,1,3,2,1,2,3,2,2,2,2,1,2
"Ch_1_M_10",2,4,"Ch1",10,"C","A",4,3,1,3,3,3,3,2,3,3,4,3,2,3,3,3,3,3,3,3,3,3,5,2,4,3,3,3,4,3,3,3,3,3,2,4,3,2,4,1,4,3,3,2,3,3,3,2,3,3,3,2,3,3,5,1,3,3,4,4,3,3,4,2,2,3,2,4,3,3,3,4,2,4,3,2,2,3,2,4,1,4,3,2,3,2,3,3,3,4,3,3,2,3,3,3,3,4,2,4,2,3,4,4,3,3,3,4,4,2,4,1,2,4,4,4,3,1,2,3,3,4,4,3,2,2,1,4,4,2,3,3,2,4,2,3,2,4,4,3,3,2,1,4,2,2,2,2,1,3,3,2,4,4,3,3,1,3,2,3,4,3,4,2,5,1,3,4,5,3,3,3,3,2,3,3,2,3,4,3,3,4,5,3,1,2,4,4,4,2,3,2,4,3,3,3,2,5,3,3,2,3,3,3,4,4,3,2,3,5,3,3,2,3,3,3,3,5,3,3,2,4,4,3,1,2,4,3,3,3,5,2,2,2,3,2,3,3,3,3,2,3,5,4,3,4,4,3,3,4,3,3,4,1,3,3,2,4,4,3,3,2,4,3,1,3,4,3,3,2,2,3,3,3,3,3,3,3,3,2,3,3,3,4,3,3,3,3,3,3,4,2,4,3,4,2,4,3,3,2
"Ch_1_M_11",3,0,"Ch1",11,"T","C",2,1,1,2,2,1,1,1,1,2,1,1,2,2,2,1,1,1,1,1,2,1,2,1,2,2,2,1,2,1,1,1,1,2,1,2,2,1,1,1,2,1,1,1,1,2,2,1,1,2,1,1,1,1,2,1,1,1,2,1,2,2,2,1,2,2,1,1,2,2,2,2,1,2,1,1,1,2,2,1,1,1,1,2,2,2,2,1,2,1,1,2,1,1,2,2,1,2,1,2,1,2,2,2,1,1,1,2,2,2,2,1,1,2,1,2,1,1,2,2,2,2,2,1,2,1,1,2,1,1,2,2,2,1,2,1,1,1,1,2,2,2,1,2,1,2,2,1,1,1,2,1,1,2,2,2,1,2,1,2,2,1,2,1,2,1,2,2,2,1,1,2,2,1,2,1,2,1,2,2,1,2,2,1,1,1,2,2,2,1,2,2,2,1,1,2,1,2,1,2,1,2,2,1,2,2,1,1,2,2,1,2,1,1,2,2,2,2,2,2,1,2,1,2,1,1,2,1,2,2,2,1,1,1,2,2,2,1,2,1,1,2,2,2,2,2,2,2,1,2,1,2,2,1,1,2,1,2,1,1,1,1,2,1,1,1,2,2,2,1,1,2,1,2,1,2,1,1,1,2,1,1,1,1,1,2,1,2,1,2,1,1,2,2,2,1,1,2,1,1
"Ch_1_M_12",4,2,"Ch1",12,"C","A",3,3,3,3,3,2,3,4,3,3,3,2,4,4,2,4,3,3,3,4,3,2,3,2,3,2,2,4,2,4,3,4,3,3,2,4,3,4,2,3,3,3,3,3,2,3,2,4,2,4,3,3,3,3,3,4,3,2,2,3,4,2,2,3,3,3,4,3,3,3,2,4,3,3,3,4,3,3,3,3,3,4,3,4,2,3,2,2,3,3,4,2,4,3,4,4,3,4,4,3,2,2,3,3,2,4,3,3,3,3,2,3,3,2,3,3,4,4,3,3,2,2,3,2,3,3,3,3,3,3,3,3,3,3,4,2,4,3,3,3,3,4,4,3,3,3,3,3,3,4,2,4,3,2,3,3,3,2,3,3,2,2,2,3,3,3,3,2,3,3,2,3,4,3,3,4,3,3,2,2,3,3,3,2,4,3,3,3,3,3,4,3,2,3,4,4,3,3,2,3,4,3,2,3,4,3,4,2,4,3,3,4,3,3,3,3,4,3,3,3,3,2,3,2,3,2,2,3,2,3,2,3,4,4,2,3,3,3,4,3,3,3,3,2,3,3,2,3,3,3,4,4,3,3,3,3,3,3,2,4,3,3,2,3,3,4,2,3,2,4,3,3,4,4,2,2,3,3,4,3,3,4,3,3,3,2,2,2,2,2,2,4,2,3,2,3,3,3,3,2
"Ch_1_M_13",1,2,"Ch1",13,"G","T",2,2,0,1,1,2,2,2,1,1,2,1,1,3,1,2,1,1,2,1,2,1,3,1,1,1,2,1,2,3,2,1,2,1,1,2,1,1,1,0,1,2,1,0,2,2,2,1,2,2,1,1,1,2,2,1,2,1,1,2,2,1,1,0,1,1,2,1,2,2,1,3,2,1,2,1,1,1,0,2,0,1,1,2,1,1,0,1,1,1,2,1,2,2,1,1,2,2,1,2,0,1,2,1,0,2,2,2,2,0,1,1,1,2,2,2,3,1,0,1,2,1,1,2,1,0,1,2,3,2,2,1,2,2,2,1,1,2,3,2,1,1,1,3,2,1,1,0,0,2,1,3,2,1,2,2,1,0,2,2,2,2,2,1,2,0,1,2,2,1,1,2,2,2,2,1,0,2,2,2,1,1,2,1,1,1,1,2,3,1,2,0,2,3,2,2,1,3,2,2,1,1,2,2,2,2,1,1,2,3,2,3,1,1,2,1,2,3,2,1,1,2,3,2,0,1,1,2,2,0,2,0,1,1,2,1,2,1,2,2,1,1,3,2,2,2,1,1,1,3,1,3,2,0,2,0,1,1,1,1,1,1,2,1,1,2,1,2,1,1,1,2,2,2,1,1,1,0,3,1,2,2,2,3,0,2,2,2,1,1,2,1,1,2,2,0,2,1,2,1
"Ch_1_M_14",1,3,"Ch1",14,"A","T",3,3,2,2,3,2,1,2,3,2,2,3,1,2,1,2,1,3,3,2,0,3,2,2,1,1,2,2,2,3,4,3,1,1,2,1,0,2,3,2,1,2,3,3,2,3,1,3,3,1,2,3,2,2,1,2,2,3,2,2,2,2,1,2,2,2,3,2,2,1,1,2,2,2,2,2,1,1,1,0,3,2,2,1,1,2,1,2,1,2,3,2,2,2,1,2,4,2,2,3,2,1,2,2,2,2,3,2,1,2,2,3,2,2,2,3,3,2,1,2,1,2,1,3,2,2,3,0,2,2,1,2,2,2,1,3,2,2,2,2,1,1,2,1,3,1,1,3,3,3,1,3,2,1,2,1,3,1,2,1,2,3,2,3,1,3,2,2,1,3,3,2,2,3,2,3,2,1,2,1,2,1,1,2,2,3,1,3,1,3,1,1,2,2,3,1,4,1,3,0,3,2,2,1,2,2,2,1,1,1,4,2,2,1,1,3,1,2,0,2,4,1,2,1,3,3,2,2,1,2,2,3,2,2,2,1,2,3,2,4,3,2,1,2,2,3,2,2,1,2,3,2,1,3,3,2,3,2,3,3,2,3,1,3,3,2,1,1,1,2,1,1,3,1,2,1,4,3,3,2,3,3,1,2,3,1,2,2,2,1,3,3,2,2,1,3,2,2,3,2
"Ch_1_M_15",4,4,"Ch1",15,"C","T",4,4,5,5,4,4,4,4,5,5,4,4,4,3,5,4,4,5,3,4,4,4,3,4,4,4,4,4,4,3,4,4,4,4,4,4,4,4,4,5,4,3,4,5,4,4,4,4,4,4,4,5,4,4,4,4,3,4,4,4,4,4,5,5,5,5,3,4,4,3,4,3,3,5,3,4,4,4,5,4,5,4,4,4,4,4,5,4,5,4,3,4,4,3,4,4,4,4,4,4,5,5,3,5,5,4,4,4,4,5,4,4,4,4,3,4,3,4,5,5,4,4,4,4,4,5,4,4,3,3,3,4,4,3,4,4,4,3,3,4,4,4,4,3,4,5,5,5,5,3,4,3,3,5,4,3,4,5,3,3,4,4,4,4,4,5,5,4,4,5,3,4,3,4,4,4,5,3,4,4,4,4,4,5,4,4,4,4,3,4,4,5,4,3,3,4,4,3,4,4,4,4,4,4,4,3,4,4,4,3,4,3,4,4,3,4,4,3,4,5,4,4,3,4,5,4,4,3,4,5,4,5,4,4,4,5,4,5,4,4,4,4,3,4,4,4,4,5,4,3,4,3,3,5,3,5,4,5,4,4,4,5,4,4,4,4,5,4,4,4,4,4,4,4,5,4,3,5,3,4,3,3,4,3,5,4,4,4,4,5,4,4,4,4,4,5,3,4,3,4
"Ch_1_M_16",1,3,"Ch1",16,"G","A",3,3,2,2,3,2,1,2,3,3,2,3,1,2,1,2,1,3,3,2,0,3,2,2,1,1,2,2,2,3,4,3,1,1,2,1,0,2,3,2,1,2,3,3,2,3,1,3,3,1,2,3,2,2,1,2,2,3,2,2,2,2,1,2,2,2,3,2,2,1,1,2,2,2,2,2,1,1,1,0,3,2,2,1,1,2,1,2,1,2,3,2,2,2,1,2,4,2,2,3,2,1,2,2,2,2,3,2,1,2,2,3,2,2,2,3,3,2,1,2,1,3,1,3,2,2,3,0,2,2,1,2,2,2,1,3,2,2,2,2,1,1,2,1,3,1,1,3,3,3,1,3,2,1,2,1,3,1,2,1,2,3,2,3,1,3,2,2,1,3,3,2,2,3,2,3,2,1,2,1,2,1,1,2,2,3,1,3,1,3,1,1,2,2,3,1,4,1,3,0,3,2,2,1,2,2,2,1,1,1,4,2,2,1,1,3,1,2,0,2,4,1,2,1,2,3,2,2,1,2,2,3,2,2,2,1,2,3,2,4,3,2,1,2,2,3,2,2,1,2,3,2,1,3,3,2,3,2,3,3,2,3,1,3,3,2,1,1,1,2,1,1,3,1,2,1,3,3,3,2,3,3,1,2,3,1,2,2,2,1,3,3,2,2,1,3,2,2,3,2
"Ch_1_M_17",0,4,"Ch1",17,"C","T",3,2,1,2,3,1,1,2,2,2,2,2,2,3,1,2,1,2,3,2,1,2,3,1,2,1,2,2,2,3,3,3,1,2,1,2,1,2,2,1,2,2,2,2,1,3,1,3,2,2,2,2,2,2,2,2,2,2,2,2,3,2,1,1,2,2,3,2,2,2,1,3,2,2,2,2,1,2,1,1,2,2,2,2,1,2,1,1,1,2,3,2,2,2,2,3,3,3,2,3,1,1,3,2,1,2,2,2,2,2,2,2,2,2,2,3,3,2,1,2,1,2,2,2,2,1,2,1,2,2,2,2,2,2,2,2,2,2,2,2,2,2,2,2,2,1,1,2,2,3,1,3,2,1,2,2,2,1,2,2,2,2,2,2,2,2,2,2,2,2,3,2,3,2,2,3,2,2,2,1,2,2,2,1,2,2,2,3,2,2,2,1,2,2,3,2,3,2,2,1,3,2,2,1,3,3,2,1,2,2,3,3,2,1,2,3,2,3,1,2,3,1,2,1,1,2,2,2,1,2,2,2,2,2,2,1,2,2,2,3,2,2,2,2,2,3,2,2,1,3,3,3,2,2,3,2,2,2,2,3,2,2,1,2,2,2,1,2,1,2,1,2,3,2,1,1,3,2,3,2,3,3,1,2,2,1,1,2,1,1,2,3,2,2,1,2,2,2,3,1
"Ch_1_M_18",1,6,"Ch1",18,"T","A",3,3,4,4,4,3,3,3,3,3,3,4,4,4,4,3,3,3,4,3,4,3,3,3,4,4,4,3,3,3,3,3,3,4,3,3,4,4,4,4,4,3,3,3,3,4,4,4,3,3,4,3,4,3,3,4,3,3,4,3,4,4,3,3,4,4,4,3,3,4,4,3,4,3,4,4,4,4,4,3,4,4,4,4,4,4,4,3,3,3,3,4,3,4,4,4,3,3,4,3,4,4,4,3,3,3,3,3,3,4,4,4,4,4,3,3,3,4,4,4,4,3,4,3,4,3,4,3,3,4,4,4,4,3,4,3,3,3,3,4,4,4,4,4,3,4,4,3,4,3,4,3,3,3,4,4,4,4,4,4,4,3,3,3,3,4,4,3,3,3,3,4,4,3,3,3,4,4,4,4,4,4,3,3,4,3,4,3,3,3,3,4,4,3,3,4,4,3,3,4,4,4,4,3,3,4,3,4,3,3,3,4,4,3,4,4,4,3,4,3,4,3,3,4,4,4,4,4,3,4,3,3,3,3,4,4,4,3,4,3,3,4,3,3,4,3,4,3,3,4,3,4,4,4,4,4,3,3,3,3,4,3,3,3,4,3,3,4,4,4,4,3,3,4,3,4,3,3,3,4,3,3,3,3,3,4,3,4,3,4,3,4,4,4,3,4,4,4,4,4
"Ch_1_M_19",3,4,"Ch1",19,"C","T",3,3,3,3,2,4,5,4,4,4,5,3,3,2,4,4,5,4,3,4,4,4,4,4,4,3,3,4,4,3,3,4,5,4,4,4,4,3,3,3,4,4,3,4,4,2,3,3,4,4,4,4,4,5,5,3,4,4,3,5,3,3,5,4,3,3,2,5,3,3,3,3,4,4,3,3,4,4,3,5,3,3,4,3,3,2,4,4,4,5,3,3,5,3,3,3,3,4,3,3,4,4,3,4,5,4,3,3,5,3,3,2,4,3,4,3,3,3,3,3,3,4,4,4,2,4,2,5,4,3,3,2,2,4,3,4,4,4,4,2,4,3,3,3,3,3,3,4,3,3,3,3,4,5,2,3,2,4,3,3,3,4,4,3,5,3,3,4,5,4,4,2,2,3,3,4,3,3,3,3,4,4,5,5,3,3,4,3,4,3,4,3,3,4,3,3,2,4,4,4,3,2,3,5,4,3,4,3,4,4,3,2,4,5,3,2,3,4,4,4,2,4,4,3,3,3,3,3,4,3,4,4,4,4,3,3,2,4,3,3,3,2,4,4,2,3,3,4,4,3,4,2,3,3,3,3,3,4,4,4,4,4,4,3,2,4,5,4,3,3,4,4,4,3,5,3,4,4,3,2,4,3,5,4,4,3,4,3,4,4,4,3,3,2,4,3,3,2,3,3
"Ch_1_M_20",0,1,"Ch1",20,"G","G",1,0,0,1,1,0,0,0,1,1,1,1,0,0,1,0,0,1,1,0,0,1,1,0,1,0,1,0,1,0,1,1,0,1,0,0,0,0,1,0,1,0,0,1,0,1,0,1,1,0,1,1,1,1,1,0,1,1,1,1,1,1,1,0,1,1,0,1,0,0,0,0,0,1,0,0,0,1,0,0,1,0,1,0,0,0,1,0,0,1,0,1,0,0,0,1,1,1,0,1,1,1,1,1,1,0,0,0,1,1,1,0,1,1,0,1,0,0,0,1,0,1,1,1,0,0,0,0,0,0,0,0,0,0,0,1,0,0,0,0,1,0,0,0,0,0,0,1,1,0,0,0,0,1,0,0,0,1,0,0,1,1,1,0,1,1,1,1,1,1,1,0,0,0,0,1,1,0,0,0,1,1,1,1,0,0,1,1,0,0,0,0,1,0,0,0,1,0,1,0,1,0,1,0,1,1,0,0,0,0,1,0,1,0,0,1,0,1,0,1,1,0,0,0,0,1,1,0,0,1,1,1,0,0,1,0,0,1,0,1,0,0,0,1,0,1,1,1,0,1,1,0,0,1,1,1,0,1,1,1,1,1,0,0,0,0,1,1,0,0,0,0,1,0,1,0,1,1,0,0,1,0,0,0,1,0,0,1,0,1,1,1,1,0,0,1,0,0,1,0
"Ch_1_M_21",4,3,"Ch1",21,"A","T",4,4,4,3,4,4,3,4,3,4,3,3,4,4,3,3,3,4,3,3,3,3,3,4,2,4,4,3,4,4,4,3,3,3,4,3,3,3,3,4,2,4,4,4,4,4,4,3,4,4,2,4,2,3,2,4,4,4,3,2,3,4,3,4,4,3,4,2,5,4,4,4,4,3,3,3,3,3,4,3,4,3,2,4,4,5,3,4,4,2,4,4,3,3,3,3,3,3,3,4,3,3,3,3,3,4,4,4,3,4,3,5,3,3,3,4,4,4,4,3,4,3,2,4,5,4,5,3,3,4,4,4,5,3,4,4,4,3,3,4,3,4,4,3,5,4,4,4,4,4,4,4,3,3,4,4,5,3,4,4,3,4,4,5,2,4,3,3,2,3,3,4,4,5,5,3,4,3,3,4,2,2,2,3,4,5,2,4,4,5,4,4,3,4,4,3,4,3,4,3,3,4,4,3,3,3,3,4,4,3,4,4,3,3,4,4,3,3,3,4,4,4,3,4,4,4,3,3,4,3,3,4,4,4,4,4,4,3,3,4,5,4,3,4,4,4,3,3,3,3,4,4,4,4,3,3,4,3,3,3,2,4,4,4,5,3,3,3,4,3,3,4,3,3,3,4,3,3,4,5,3,4,3,3,3,4,4,4,4,3,3,3,3,4,4,3,3,4,3,4
"Ch_1_M_22",2,0,"Ch1",22,"A","C",1,2,1,1,0,2,2,2,2,1,2,1,0,1,1,2,1,2,1,1,1,1,1,1,0,0,1,1,1,2,2,1,2,0,1,1,0,1,1,1,0,1,1,1,2,1,1,1,2,1,1,2,1,2,1,1,1,1,0,2,1,0,1,1,1,1,1,1,1,0,0,1,2,1,1,1,1,0,1,1,1,1,1,1,0,0,0,1,1,1,1,0,2,1,0,0,2,1,1,1,1,1,0,1,1,2,2,1,1,0,0,1,1,1,1,1,2,1,0,1,1,1,0,2,0,1,1,1,2,1,0,0,1,1,1,1,1,1,2,1,0,0,1,1,2,1,1,1,1,1,0,2,1,1,1,0,1,1,1,0,1,2,1,1,1,1,1,1,1,2,1,1,0,2,1,1,0,0,1,1,1,0,1,2,1,1,0,1,1,1,1,0,1,2,1,1,1,1,2,1,1,0,1,2,1,0,1,0,1,1,2,1,1,1,0,0,1,1,1,1,1,1,2,1,1,1,0,1,1,0,1,1,1,1,1,1,1,2,1,2,1,0,1,1,1,1,0,1,1,1,1,1,0,1,1,1,1,1,1,1,1,2,1,1,1,1,1,1,0,1,1,1,2,1,2,0,1,1,2,0,1,1,2,2,1,1,2,1,1,1,2,1,0,1,1,1,1,0,1,1
"Ch_1_M_23",3,6,"Ch1",23,"T","T",5,5,4,4,4,5,5,5,5,5,5,4,4,4,4,5,5,5,4,5,4,5,5,5,4,4,4,5,5,5,5,5,5,4,5,5,4,4,4,4,4,5,5,5,5,4,4,4,5,5,4,5,4,5,5,4,5,5,4,5,4,4,5,5,4,4,4,5,5,4,4,5,5,5,4,4,4,4,4,5,4,4,4,4,4,4,4,5,5,5,5,4,5,4,4,4,5,5,4,5,4,4,4,5,5,5,5,5,5,4,4,4,4,4,5,5,5,4,4,4,4,5,4,5,4,5,4,5,5,4,4,4,4,5,4,5,5,5,5,4,4,4,4,4,5,4,4,5,4,5,4,5,5,5,4,4,4,4,4,4,4,5,5,5,5,4,4,5,5,5,5,4,4,5,5,5,4,4,4,4,4,4,5,5,4,5,4,5,5,5,5,4,4,5,5,4,4,5,5,4,4,4,4,5,5,4,4,4,5,5,5,4,4,5,4,4,4,5,4,5,4,5,5,4,4,4,4,4,5,4,5,5,5,5,4,4,4,5,4,5,5,4,5,5,4,5,4,5,5,4,5,4,4,4,4,4,5,5,5,5,4,5,4,5,4,4,5,4,4,4,4,5,5,4,5,4,5,5,5,4,5,5,5,5,5,4,5,4,5,4,5,4,4,4,5,4,4,4,4,4
"Ch_1_M_24",2,5,"Ch1",24,"A","C",5,4,2,4,4,3,3,3,4,3,4,3,3,4,3,4,3,3,3,4,3,4,5,4,4,3,3,4,4,4,4,4,3,3,3,5,3,3,3,2,4,3,4,3,3,4,3,3,3,4,3,3,3,3,5,2,3,3,4,4,4,3,4,3,3,4,3,4,4,3,3,5,3,5,3,3,2,3,2,4,2,3,3,3,3,3,3,3,3,4,4,3,3,3,4,4,4,5,3,5,2,3,4,5,3,4,4,5,4,3,4,2,2,4,4,5,4,3,3,4,3,4,4,3,3,3,2,4,4,2,3,4,3,4,3,3,3,4,4,4,3,3,2,4,3,2,3,3,2,4,3,4,4,4,4,3,2,3,2,3,4,3,4,3,5,2,4,5,5,4,4,4,4,3,4,4,3,4,4,3,3,4,5,3,2,3,4,5,4,3,4,3,4,3,4,4,3,5,3,3,3,4,3,3,5,4,4,3,4,5,3,4,2,3,3,4,4,5,3,4,3,4,4,3,2,2,4,3,4,4,5,3,3,3,3,3,4,4,4,4,3,4,5,4,4,5,4,5,4,4,3,4,3,2,3,4,4,5,4,4,3,3,3,4,2,4,4,3,3,3,2,4,4,4,3,3,4,4,4,3,4,4,3,4,4,3,3,3,3,3,4,3,4,4,4,3,3,4,3,2
"Ch_1_M_25",3,5,"Ch1",25,"G","T",4,5,4,5,4,4,4,4,5,3,5,5,3,5,4,5,3,4,5,4,4,4,4,4,4,3,4,4,3,5,5,4,4,3,3,4,3,5,5,4,4,3,4,3,4,5,4,5,4,3,5,4,5,4,4,4,3,3,4,4,5,3,3,3,4,5,5,4,3,3,3,4,4,4,5,5,4,3,4,3,4,5,5,4,3,3,3,3,3,4,4,3,4,5,4,4,5,4,5,4,4,4,4,4,3,5,5,4,3,3,4,4,4,5,4,4,5,5,3,5,4,4,4,4,3,3,4,3,5,4,3,4,4,4,4,3,3,4,4,5,3,3,4,5,4,4,4,3,4,4,3,5,4,3,5,3,5,4,4,3,5,4,3,3,4,5,5,4,4,5,4,5,4,4,3,4,3,4,5,4,5,4,4,4,4,3,4,4,3,3,3,3,5,4,4,5,5,4,4,4,5,4,4,4,4,4,4,3,3,4,4,5,4,3,3,4,5,4,4,3,5,3,4,4,4,4,4,5,3,4,4,3,3,3,4,4,5,5,5,5,3,4,4,3,5,4,4,4,4,5,3,5,3,4,5,5,4,4,4,4,5,4,4,4,4,5,3,4,3,5,4,3,5,5,4,3,4,4,5,3,4,4,4,5,4,4,4,4,3,4,5,5,4,5,3,5,5,4,5,4
"Ch_1_M_26",2,0,"Ch1",26,"A","T",2,1,0,1,1,1,1,1,1,1,1,0,1,1,1,1,1,1,0,1,1,1,2,1,1,1,1,1,2,1,1,1,1,1,1,2,1,0,0,0,1,1,1,1,1,1,1,0,1,2,0,1,0,1,2,0,1,1,1,2,1,1,2,1,1,1,0,1,2,1,1,2,1,2,0,0,0,1,0,2,0,0,0,1,1,1,1,1,1,1,1,1,1,0,1,1,1,2,0,2,0,1,1,2,1,1,1,2,2,1,1,0,0,1,1,2,1,0,1,1,1,1,1,1,1,1,0,2,1,0,1,1,1,1,1,1,1,1,1,1,1,1,0,1,1,0,1,1,0,1,1,1,1,2,1,1,0,1,0,1,1,1,2,1,2,0,1,2,2,1,1,1,1,1,2,1,1,1,1,1,0,1,2,1,0,1,1,2,2,1,2,1,1,1,1,1,1,2,1,1,0,1,1,1,2,1,1,1,2,2,1,1,0,1,1,1,1,2,1,2,0,2,1,1,0,0,1,0,2,1,2,1,1,1,1,1,1,1,1,1,1,1,2,2,1,2,1,2,1,1,1,1,1,0,0,1,1,2,1,1,0,1,1,1,0,1,2,1,1,0,0,2,1,1,1,1,1,1,1,1,1,1,1,1,1,1,1,1,1,1,1,0,1,1,2,0,0,1,0,0
"Ch_1_M_27",3,6,"Ch1",27,"A","C",5,5,4,4,4,5,5,5,5,5,5,4,4,4,4,5,5,5,4,5,4,5,5,5,4,4,4,5,5,4,5,5,5,4,5,5,4,4,4,4,4,5,5,5,5,4,4,4,5,5,4,5,4,5,5,4,5,5,4,5,4,4,5,5,4,4,4,5,5,4,4,5,5,5,4,4,4,4,4,5,4,4,4,4,4,4,4,5,5,5,5,4,5,4,4,4,5,5,4,5,4,4,4,5,5,5,5,5,5,4,4,4,4,4,5,5,5,4,4,4,4,5,4,5,4,5,4,5,5,4,4,4,4,5,4,5,5,5,5,4,4,4,4,5,5,4,4,5,4,5,4,5,5,5,4,4,4,4,4,4,4,5,5,5,5,4,4,5,5,5,5,4,4,5,5,5,4,4,4,4,4,4,5,5,4,5,4,5,5,5,5,4,4,5,5,4,5,5,5,4,4,4,4,5,5,4,4,4,5,5,5,4,4,5,4,4,4,5,4,5,4,5,5,4,4,4,4,4,5,4,5,5,5,5,4,4,4,5,4,5,5,4,5,5,4,5,4,5,5,4,5,4,4,4,4,4,5,5,5,5,4,5,4,5,4,4,5,4,4,4,4,5,5,4,5,4,5,5,5,4,5,5,5,5,5,4,5,4,5,4,5,4,4,4,5,4,4,4,4,4
"Ch_1_M_28",3,0,"Ch1",28,"T","A",1,1,2,1,2,1,1,1,1,2,1,2,2,1,1,1,2,1,2,2,1,2,1,2,2,2,1,2,1,2,1,2,1,2,2,1,2,2,2,2,2,2,2,2,1,1,1,2,1,1,2,1,2,1,1,2,2,2,2,1,1,2,1,2,1,1,2,2,1,2,2,1,1,1,2,2,2,2,2,1,2,2,2,1,2,2,2,2,2,2,2,2,1,2,2,2,1,1,2,1,2,1,2,1,2,1,1,1,1,2,2,2,2,1,2,1,1,2,2,1,1,2,2,1,2,2,2,1,1,2,2,2,1,2,1,2,2,2,2,1,2,2,2,1,1,2,1,2,2,2,2,1,2,1,1,2,2,1,2,2,1,1,1,2,1,2,1,1,1,1,2,1,2,1,1,2,2,2,1,1,2,2,1,1,2,2,2,1,1,2,1,2,1,1,2,1,1,1,1,1,2,2,1,1,1,2,2,2,1,1,1,1,2,2,2,2,1,1,1,1,2,1,1,1,2,2,2,2,1,2,1,2,2,2,1,1,1,1,1,1,2,2,1,1,1,1,2,1,2,1,2,1,2,2,2,1,2,1,2,2,2,1,1,2,2,1,1,1,2,2,2,1,1,1,1,2,2,2,1,2,2,2,1,1,2,1,1,1,2,1,1,2,2,1,1,2,2,2,2,2
"Ch_1_M_29",1,1,"Ch1",29,"T","C",2,1,0,1,2,1,0,0,0,1,1,1,1,1,0,0,1,0,1,1,0,2,2,2,1,2,1,1,2,1,1,1,0,1,2,1,1,0,1,0,1,2,2,1,1,1,1,0,1,1,0,0,0,0,1,0,2,2,2,1,0,2,1,1,0,0,1,1,2,2,2,2,1,1,1,0,0,1,0,1,0,1,0,0,2,2,1,2,1,1,2,2,0,1,1,1,1,1,0,2,0,0,2,1,1,1,1,2,1,1,2,1,0,1,2,2,1,0,1,0,1,2,1,1,2,1,1,1,1,1,2,2,1,2,0,2,1,2,2,1,1,1,0,2,1,0,0,1,0,2,2,1,1,1,1,2,1,0,1,2,1,1,2,2,1,0,0,2,1,0,2,1,1,1,2,1,1,2,1,1,0,1,1,0,0,2,1,2,2,2,1,1,1,1,2,0,1,2,1,0,0,2,1,0,1,2,1,2,1,2,0,1,0,1,2,2,0,2,0,1,1,2,1,1,0,1,2,1,2,1,2,1,1,1,1,0,1,0,0,1,2,2,2,2,1,2,2,1,2,1,1,1,2,0,1,0,2,1,2,1,0,0,1,2,1,0,1,0,2,0,0,1,0,0,0,2,2,1,1,2,2,2,0,1,1,1,1,1,2,0,1,0,2,1,2,0,1,2,1,1
"Ch_1_M_30",3,0,"Ch1",30,"A","T",2,2,1,1,1,2,2,2,2,2,2,1,1,1,1,2,2,2,1,2,1,2,2,2,1,1,1,2,2,1,2,2,2,1,2,2,1,1,1,1,1,2,2,2,2,1,1,1,2,2,1,2,1,2,2,1,2,2,1,2,1,1,2,2,1,1,1,2,2,1,1,2,2,2,1,1,1,1,1,2,1,1,1,1,1,1,1,2,2,2,2,1,2,1,1,1,2,2,1,2,1,1,1,2,2,2,2,2,2,1,1,1,1,1,2,2,2,1,1,1,1,2,1,2,1,2,1,2,2,1,1,1,1,2,1,2,2,2,2,1,1,1,1,2,2,1,1,2,1,2,1,2,2,2,1,1,1,1,1,1,1,2,2,2,2,1,1,2,2,2,2,1,1,2,2,2,1,1,1,1,1,1,2,2,1,2,1,2,2,2,2,1,1,2,2,1,2,2,2,1,1,1,1,2,2,1,1,1,2,2,2,1,1,2,1,1,1,2,1,2,1,1,2,1,1,1,1,1,2,1,2,2,2,2,1,1,1,2,1,2,2,1,2,2,1,2,1,2,2,1,2,1,1,1,1,1,2,2,2,2,1,2,1,2,1,1,2,1,1,1,1,2,2,1,2,1,2,2,2,1,2,2,2,2,2,1,2,1,2,1,2,1,1,1,2,1,1,1,1,1
"Ch_1_M_31",3,1,"Ch1",31,"C","C",2,3,2,3,2,3,2,2,2,1,3,3,1,3,2,2,1,2,3,1,2,2,2,2,1,2,3,1,2,3,3,1,2,1,2,1,1,2,3,2,1,2,2,1,3,3,3,2,3,1,2,2,2,2,1,2,2,2,2,1,2,2,1,1,2,2,3,1,2,2,2,2,3,1,3,2,2,1,2,1,2,3,2,2,2,2,1,2,1,1,2,2,2,3,2,1,3,1,2,2,3,2,2,1,1,3,3,2,1,1,2,3,2,3,2,2,3,2,1,2,3,2,1,3,2,1,3,1,3,3,2,2,3,2,2,2,1,2,2,3,1,1,2,2,3,2,2,1,2,2,2,3,2,1,3,2,3,2,3,2,3,3,2,2,1,2,2,2,1,2,2,3,1,3,2,1,1,2,3,3,2,1,1,2,2,2,1,3,2,2,1,1,3,3,2,2,3,2,3,2,2,2,3,2,1,2,1,2,1,2,2,3,2,1,2,2,2,2,2,1,3,3,3,3,2,3,2,3,2,1,2,1,1,1,3,2,3,2,2,3,2,2,2,2,3,2,2,1,2,3,1,3,2,2,3,2,2,1,2,1,2,2,3,2,3,2,1,2,2,2,2,1,2,2,2,2,2,1,3,2,2,2,2,3,1,3,3,3,2,2,3,2,2,3,2,2,3,2,3,3
"Ch_1_M_32",0,4,"Ch1",32,"T","A",1,1,2,1,1,2,3,2,2,2,2,2,2,1,3,2,3,2,2,2,3,2,2,2,3,2,2,2,1,1,1,2,3,3,2,2,3,2,2,2,3,2,1,2,2,1,2,2,2,2,3,2,3,3,3,2,2,2,2,3,2,2,3,2,2,2,1,3,1,2,2,1,2,2,2,2,3,3,2,3,2,2,3,2,2,1,3,2,2,3,1,2,3,2,2,2,2,2,2,1,2,3,2,2,3,1,1,1,3,2,2,1,3,1,2,1,1,2,2,2,2,2,3,2,1,2,1,3,2,2,2,1,1,1,2,2,2,2,2,1,3,2,2,2,1,2,2,2,2,1,1,1,3,3,1,2,1,3,2,2,1,2,2,1,3,2,2,2,2,2,2,1,2,1,1,2,2,2,2,2,3,3,2,3,2,1,3,1,2,1,2,2,2,2,1,2,1,2,2,3,2,1,2,3,2,2,2,2,2,2,2,1,3,3,2,1,2,2,3,2,1,2,2,2,2,2,2,2,2,2,2,2,2,2,2,2,1,2,2,1,1,1,2,2,1,1,2,2,2,2,2,1,2,2,2,2,1,2,2,2,3,2,2,1,1,2,3,3,2,2,3,2,2,2,3,2,2,2,1,1,2,1,3,2,2,2,2,2,2,3,2,2,2,1,2,2,2,1,2,2
"Ch_1_M_33",2,1,"Ch1",33,"A","G",2,1,1,1,2,1,2,1,2,3,2,2,1,0,1,1,2,2,2,2,0,3,2,3,2,1,1,2,1,1,2,3,1,2,2,1,1,1,2,1,2,2,2,3,1,1,0,2,2,1,2,2,2,2,2,1,3,3,2,2,1,2,2,2,1,1,1,3,1,1,1,1,1,2,1,2,1,2,1,1,2,1,2,1,1,1,2,2,2,3,2,2,1,1,0,2,2,2,1,2,2,1,2,2,3,1,1,1,2,2,2,1,2,1,2,2,1,2,1,1,0,3,2,2,1,2,1,1,1,1,1,1,0,2,0,3,2,2,2,1,2,1,1,1,1,1,0,2,2,2,1,1,2,2,0,1,1,1,1,1,0,2,2,2,2,2,1,2,2,2,3,0,2,1,1,3,2,1,0,0,2,2,2,2,1,2,2,1,1,2,1,2,1,1,2,0,2,1,2,0,2,1,1,1,2,2,1,1,1,1,2,1,2,2,1,2,0,2,0,2,2,0,1,0,1,2,2,1,1,2,1,3,2,2,1,0,0,2,0,2,2,1,1,2,0,2,2,2,2,1,3,0,1,2,2,1,2,2,3,3,2,2,0,2,1,0,2,1,1,1,1,1,2,0,2,1,3,3,0,1,3,2,1,1,3,0,1,1,2,1,2,2,2,0,1,2,1,1,2,1
"Ch_1_M_34",2,5,"Ch1",34,"T","A",2,4,5,3,3,4,3,4,3,3,3,4,4,4,3,4,4,3,4,4,4,3,2,3,3,4,3,4,3,5,3,3,4,3,4,3,4,5,4,5,3,4,4,3,4,3,4,4,3,3,4,3,4,3,2,5,3,3,3,2,3,3,2,4,3,3,5,3,3,4,4,3,4,2,5,4,5,3,5,3,4,5,4,4,3,4,3,4,4,3,4,3,4,5,4,3,3,2,5,2,4,3,3,2,3,4,4,3,2,3,3,5,4,3,4,2,4,4,4,3,4,3,3,3,4,4,5,3,4,5,4,4,4,4,4,3,4,4,4,4,3,4,5,3,4,5,4,4,4,4,4,4,3,2,4,4,5,3,5,4,4,3,2,4,2,4,3,2,2,3,3,4,3,4,3,3,3,4,4,4,4,3,2,3,5,4,3,3,3,4,3,3,3,4,4,4,3,3,3,4,4,4,3,4,2,3,4,4,3,3,3,3,4,4,4,3,4,2,4,2,4,4,4,4,5,4,3,5,3,3,3,3,4,4,3,4,4,3,4,3,4,4,3,2,4,2,3,2,4,3,3,4,4,4,4,3,4,2,3,3,4,3,4,4,5,4,2,3,4,5,5,3,3,4,3,4,3,3,4,4,3,4,4,4,3,4,4,3,4,3,3,4,3,4,3,4,5,4,4,5
"Ch_1_M_35",3,4,"Ch1",35,"G","C",4,2,4,4,4,2,3,3,3,4,2,2,5,4,5,3,3,4,3,3,4,2,4,2,4,3,4,3,4,3,3,4,3,5,2,4,4,3,2,3,4,3,2,3,2,4,3,4,3,5,3,4,3,4,4,4,3,3,3,4,5,4,4,3,5,4,3,3,4,4,3,3,3,4,2,4,3,5,3,4,4,2,3,4,3,4,4,2,3,3,3,4,3,2,4,5,3,5,3,4,3,4,4,4,3,2,2,3,5,5,3,3,4,4,2,4,3,4,4,4,3,2,4,4,4,3,3,4,2,3,4,4,4,3,5,3,4,2,2,3,5,5,4,3,3,3,4,3,4,3,3,3,3,4,3,4,3,4,3,4,3,3,4,3,4,4,4,3,4,3,3,3,5,3,4,4,5,3,3,3,3,4,5,3,4,3,4,4,4,3,5,5,3,3,3,4,3,3,3,4,4,3,4,3,5,4,4,3,5,3,4,4,4,3,4,4,4,4,4,5,3,3,3,4,3,3,3,2,3,4,3,4,4,4,4,4,3,3,4,3,3,3,3,4,3,4,3,4,3,4,4,4,4,4,3,4,2,4,2,4,3,4,3,2,3,4,4,5,3,3,3,5,4,4,3,3,3,3,4,4,3,3,3,2,3,3,2,4,2,4,2,4,3,3,3,3,2,3,3,2
"Ch_1_M_36",3,6,"Ch1",36,"G","T",5,4,4,5,5,4,4,4,4,4,4,4,5,5,5,4,4,4,4,4,5,4,5,4,5,5,5,4,5,4,4,4,4,5,4,5,5,4,4,4,5,4,4,4,4,5,5,4,4,5,4,4,4,4,5,4,4,4,5,5,5,5,5,4,5,5,4,4,5,5,5,5,4,5,4,4,4,5,4,5,4,4,4,4,5,5,5,4,4,4,4,5,4,4,5,5,4,5,4,5,4,5,5,5,4,4,4,5,5,5,5,4,4,5,4,5,4,4,5,5,5,4,5,4,5,4,4,5,4,4,5,5,5,4,5,4,4,4,4,5,5,5,4,5,4,4,5,4,4,4,5,4,4,5,5,5,4,5,4,5,5,4,5,4,5,4,5,5,5,4,4,5,5,4,5,4,5,5,5,5,4,5,5,4,4,4,5,5,5,4,5,5,5,4,4,5,4,5,4,5,4,5,5,4,5,5,5,5,5,5,4,5,4,4,5,5,5,5,5,5,4,5,4,5,4,4,5,4,5,5,5,4,4,4,5,5,5,4,5,4,4,5,5,5,5,5,5,5,4,5,4,5,5,4,4,5,4,5,4,4,4,4,5,4,4,5,5,5,5,4,4,5,4,5,4,5,4,4,5,5,4,4,4,4,4,5,4,5,4,5,4,4,5,5,5,4,4,5,4,4
"Ch_1_M_37",3,4,"Ch1",37,"A","T",3,2,3,3,3,3,4,3,3,3,3,3,4,3,5,3,4,3,3,3,5,3,4,3,5,4,4,3,3,2,2,3,4,5,3,4,5,3,3,3,5,3,2,3,3,3,4,3,3,4,4,3,4,4,5,3,3,3,4,5,4,4,5,3,4,4,2,4,3,4,4,3,3,4,3,3,4,5,3,5,3,3,4,3,4,3,5,3,3,4,2,4,4,3,4,4,3,4,3,3,3,5,4,4,4,2,2,3,5,4,4,2,4,3,3,3,2,3,4,4,4,3,5,4,3,3,2,4,3,3,4,4,2,2,4,3,3,3,3,3,5,4,3,4,2,3,4,3,3,2,3,2,4,5,3,4,2,5,3,4,3,3,4,2,5,3,4,4,4,3,3,3,4,2,3,3,4,4,4,4,4,5,4,4,3,2,5,3,4,2,4,4,4,3,2,4,2,4,3,5,3,3,4,4,4,4,4,4,4,4,3,3,4,4,4,3,4,4,5,4,2,4,3,4,3,3,4,3,4,4,4,3,3,3,4,4,3,4,4,2,2,3,4,4,3,3,4,4,3,4,3,3,4,3,3,4,2,4,3,3,4,3,4,2,2,4,5,5,4,3,4,4,3,4,4,4,3,3,3,3,3,2,4,3,3,4,3,4,3,5,3,3,4,3,4,3,3,3,3,3
"Ch_1_M_38",2,1,"Ch1",38,"A","G",2,1,1,2,3,1,0,0,0,1,1,2,2,2,1,0,1,0,2,1,2,2,2,2,2,3,2,1,2,2,1,1,0,2,2,1,2,1,2,1,2,2,2,2,1,1,2,1,1,1,1,0,1,0,1,1,2,2,3,1,1,3,1,1,1,1,2,1,2,3,3,2,1,1,2,1,1,2,1,1,1,2,1,0,3,3,2,2,1,1,2,3,0,2,1,2,1,1,1,2,2,1,3,2,1,1,1,2,1,2,3,2,1,2,2,2,1,1,2,1,2,2,2,0,3,1,2,1,1,2,3,2,2,2,1,2,1,2,2,3,2,2,1,2,1,1,1,1,1,2,3,1,0,1,2,3,2,1,2,3,2,2,2,2,1,1,1,2,1,0,2,2,2,1,2,1,2,3,2,2,1,2,1,0,1,2,2,2,2,2,1,2,2,1,2,1,1,2,1,1,1,3,2,0,1,3,2,3,1,2,0,2,1,1,3,3,1,2,1,1,2,2,1,2,1,2,3,2,2,2,2,1,1,1,2,1,2,1,1,1,2,3,2,2,2,2,3,1,2,2,1,2,3,1,2,1,2,1,2,1,1,0,2,2,2,1,1,1,3,1,1,1,0,1,0,3,2,1,2,3,2,2,0,1,1,2,1,2,2,1,1,1,3,2,2,1,2,3,2,2
"Ch_1_M_39",0,3,"Ch1",39,"A","G",2,2,1,2,2,1,2,2,3,2,2,2,1,1,1,2,1,2,1,2,1,2,1,2,2,1,1,2,1,1,2,2,1,1,1,2,1,2,2,2,2,0,2,1,1,3,1,2,1,1,2,2,2,1,2,1,1,1,2,2,2,1,2,2,2,3,1,2,1,1,1,2,0,3,1,2,1,1,2,1,2,1,2,1,1,1,2,1,2,2,1,1,1,1,2,2,1,2,2,2,1,2,1,3,2,2,2,2,1,2,2,1,1,2,1,2,1,2,2,3,1,2,2,1,1,2,1,1,1,0,0,2,1,1,1,1,1,1,1,2,1,1,1,1,1,2,2,2,2,1,2,1,2,2,2,0,1,2,0,0,2,1,1,1,2,2,3,2,3,3,1,2,2,1,1,2,1,1,1,1,2,2,2,2,1,1,2,2,0,1,1,2,2,0,1,2,2,1,0,1,2,2,1,1,2,1,2,1,1,1,2,1,1,1,0,2,2,1,1,2,2,1,0,0,2,1,2,1,1,3,1,2,1,1,1,2,2,3,2,2,1,2,1,1,2,2,2,3,1,1,2,1,0,2,1,2,2,3,2,2,2,2,1,2,1,2,2,1,1,2,1,1,2,2,2,1,1,3,1,1,1,1,1,1,3,1,1,1,1,2,2,2,2,2,1,3,1,2,1,1
"Ch_1_M_40",2,4,"Ch1",40,"C","T",2,4,4,2,1,4,4,5,4,3,3,2,3,3,3,5,4,4,2,4,3,2,2,2,2,2,2,4,3,3,3,3,5,2,3,4,3,4,2,4,2,3,3,2,4,3,3,2,3,4,3,4,4,4,3,4,2,2,1,3,3,1,3,4,3,3,3,3,3,2,2,3,4,3,3,3,4,2,4,4,3,3,3,5,2,2,2,3,4,3,3,1,5,3,4,2,3,3,4,2,2,3,1,2,3,4,4,3,3,2,1,3,3,2,3,2,4,3,3,3,3,2,2,4,2,4,2,4,4,3,2,3,3,3,4,2,4,3,3,2,2,3,4,3,4,4,4,4,2,3,2,4,4,3,3,2,3,3,3,2,3,2,2,3,3,3,3,2,3,4,2,3,2,4,3,3,2,2,3,3,3,2,3,4,4,3,2,2,3,3,4,2,2,4,3,4,3,3,4,4,3,2,2,5,3,1,3,2,4,3,4,3,3,4,2,1,4,2,4,3,2,3,4,3,4,2,1,3,3,2,3,3,4,4,2,4,3,3,4,3,4,2,3,2,3,2,1,3,3,2,3,3,2,3,2,3,3,3,2,3,3,4,3,3,3,4,3,3,2,4,4,4,4,4,4,2,2,3,3,2,2,3,4,4,3,3,4,2,3,3,3,3,1,3,3,3,3,2,2,3
"Ch_1_M_41",3,5,"Ch1",41,"C","A",5,4,3,5,5,4,4,4,4,4,4,4,4,4,4,3,3,4,3,3,4,4,4,4,4,5,5,3,5,3,4,3,3,4,4,4,4,3,4,4,4,3,4,4,4,5,5,4,4,4,3,4,3,3,4,3,4,4,5,4,4,5,5,4,5,5,3,3,5,4,5,5,3,5,3,3,3,4,4,4,4,3,3,3,5,5,5,4,4,3,3,5,3,3,4,4,3,4,3,5,4,5,4,5,4,4,4,5,4,4,5,4,3,5,3,5,3,3,5,5,5,4,4,3,5,4,4,3,3,3,4,5,4,3,4,4,3,3,3,5,4,4,3,4,4,4,5,4,5,3,5,3,3,5,5,4,4,5,3,4,5,4,4,4,4,3,5,5,5,4,4,5,4,4,5,3,5,4,4,5,3,4,4,4,3,4,4,5,4,4,4,5,5,3,3,4,4,4,3,4,3,5,5,3,4,4,4,5,4,4,4,4,3,3,4,5,4,4,4,5,4,5,3,4,3,4,5,3,5,5,4,3,3,3,5,5,5,5,4,4,4,5,4,5,5,5,5,5,3,4,4,4,4,4,3,4,4,5,4,3,3,4,5,4,4,4,4,4,5,3,3,4,3,4,4,5,3,4,4,5,3,3,4,3,4,5,4,4,3,5,4,3,5,5,5,4,3,5,3,4
"Ch_1_M_42",3,2,"Ch1",42,"A","T",2,3,2,1,1,4,4,4,3,3,3,2,2,1,2,3,4,3,1,3,3,3,1,3,2,3,2,3,3,1,2,2,4,2,4,3,3,2,2,3,2,3,3,3,4,2,3,1,3,3,2,3,3,3,3,2,3,2,2,3,1,2,4,4,2,2,1,3,3,2,3,3,3,3,2,1,3,2,3,4,2,2,2,3,3,2,3,4,4,3,2,2,4,2,2,1,2,2,2,2,2,3,1,2,4,3,3,3,3,1,3,2,2,1,3,2,2,1,3,2,3,3,2,3,2,4,1,4,3,2,2,3,2,2,2,3,3,3,3,2,2,2,3,3,3,3,3,4,2,2,2,2,3,4,2,2,2,3,2,2,2,2,3,3,3,1,2,3,3,3,3,2,1,3,3,2,2,2,3,3,2,2,2,4,2,3,2,1,3,3,3,2,2,2,1,2,2,3,3,3,1,2,2,3,2,2,2,3,3,3,3,2,2,4,2,1,2,2,3,3,1,4,3,2,2,2,2,2,4,2,2,2,3,3,2,3,2,3,2,2,3,2,3,3,2,2,2,3,2,1,3,1,2,2,1,1,3,3,3,2,2,3,3,3,2,2,4,2,3,3,3,3,2,2,4,3,2,3,1,2,2,2,4,3,3,3,4,2,3,3,3,1,2,2,3,2,2,2,1,3
"Ch_1_M_43",4,1,"Ch1",43,"G","T",3,3,2,3,3,3,2,2,2,2,3,3,2,3,2,2,2,2,3,2,2,3,3,3,2,3,3,2,3,3,3,2,2,2,3,2,2,3,3,2,2,3,3,3,2,2,3,3,3,2,2,2,2,2,2,2,3,3,3,2,2,3,2,2,2,2,3,2,3,3,3,3,3,3,3,2,2,2,2,2,2,3,2,2,3,3,2,3,2,2,3,3,2,3,2,2,3,2,2,3,3,2,3,2,2,3,3,3,2,2,3,3,2,3,3,3,3,2,2,2,3,3,2,2,3,2,3,2,3,3,3,3,3,3,2,3,2,3,3,2,2,2,2,3,3,2,2,2,2,3,3,3,2,2,3,3,3,2,3,3,3,3,3,3,2,2,2,3,2,2,3,3,2,3,3,2,3,3,3,3,2,2,2,2,2,3,2,3,3,3,2,2,3,3,3,2,3,3,3,2,2,2,3,2,2,3,2,3,2,3,2,3,2,2,3,3,2,3,2,2,3,3,3,3,2,3,3,3,3,2,3,2,2,2,3,2,3,2,2,3,3,3,3,3,3,3,3,2,3,3,2,3,3,2,3,2,3,2,3,2,2,2,2,3,3,2,2,2,3,2,2,2,2,2,2,3,3,2,3,3,3,3,3,3,2,3,3,3,3,2,3,2,3,3,3,2,3,3,3,3
"Ch_1_M_44",3,5,"Ch1",44,"T","C",3,3,4,3,4,4,4,3,3,4,4,5,4,3,4,3,5,3,5,4,5,5,4,5,5,5,4,4,3,4,3,4,4,5,5,3,5,4,5,4,5,5,4,5,4,3,4,4,4,3,5,3,4,4,4,4,5,5,5,4,3,5,4,4,3,3,4,5,3,5,5,3,4,3,5,4,5,5,4,4,4,5,5,3,5,4,5,5,4,5,4,4,4,5,3,4,4,3,4,3,5,4,5,4,5,3,3,3,4,4,5,4,5,3,5,3,3,4,4,3,4,5,5,4,4,4,4,5,4,5,5,4,4,4,3,5,4,5,5,4,5,4,4,4,3,4,3,4,4,4,4,3,4,4,3,5,4,4,5,5,3,5,5,4,4,4,3,4,3,3,5,4,4,3,3,4,4,5,4,4,5,5,3,4,4,4,5,3,4,4,3,4,4,5,4,3,3,4,4,4,4,4,4,3,3,4,4,5,3,4,3,3,5,5,5,4,3,4,4,3,4,4,4,4,4,5,4,5,4,4,4,4,4,4,4,3,3,3,3,3,3,4,4,4,3,3,5,3,4,4,4,3,5,4,5,3,4,3,5,4,5,3,4,4,4,3,5,4,5,4,5,3,3,3,4,5,5,4,3,4,5,4,4,4,4,4,5,5,5,4,4,4,5,3,3,4,5,4,5,5
"Ch_1_M_45",0,2,"Ch1",45,"A","A",0,1,1,0,0,2,2,2,1,1,1,1,1,0,1,1,2,1,0,1,2,1,0,1,1,2,1,1,1,0,0,1,2,1,2,1,2,1,1,1,1,1,1,1,2,1,2,0,1,1,1,1,1,1,1,1,1,1,1,1,0,1,2,2,1,1,0,1,1,1,2,1,1,1,1,0,2,1,2,2,1,1,1,1,2,1,2,2,2,1,0,0,2,1,1,0,0,0,1,0,1,2,0,1,2,1,1,1,1,0,2,1,1,0,1,0,0,0,2,1,2,1,1,1,1,2,0,2,1,1,1,1,1,0,1,1,1,1,1,1,1,1,1,1,1,2,2,2,1,0,1,0,1,2,1,1,0,1,1,1,1,1,1,1,1,0,1,1,1,1,1,1,0,1,1,0,1,1,1,2,1,1,0,2,1,1,1,0,1,1,1,1,1,1,0,1,0,1,1,1,0,1,1,0,0,0,1,2,1,1,1,0,1,2,1,0,1,0,2,1,0,2,1,1,1,1,1,1,2,1,1,0,1,1,1,2,1,1,1,0,1,1,1,1,1,0,1,1,0,0,1,1,1,1,0,0,1,1,1,0,1,1,2,1,1,1,2,1,2,2,2,1,0,1,2,2,0,1,0,1,0,0,2,1,1,2,2,1,1,2,1,0,1,1,1,1,1,1,0,2
"Ch_1_M_46",0,1,"Ch1",46,"C","G",0,0,1,0,0,0,0,0,0,0,0,0,1,1,1,1,1,0,1,1,1,0,1,0,1,0,0,1,0,1,0,0,1,1,0,1,1,0,0,0,1,1,0,0,0,0,0,0,0,1,1,0,1,1,1,1,0,0,0,1,1,0,0,0,0,0,1,1,0,1,0,0,1,0,1,1,1,1,0,1,0,1,1,1,0,0,0,0,0,1,1,0,1,1,1,1,1,1,1,0,0,0,1,0,0,0,0,0,1,1,0,0,1,0,1,0,1,1,0,0,0,0,1,1,0,0,1,1,1,1,1,0,0,1,1,0,1,1,1,0,1,1,1,1,0,0,0,0,0,1,0,1,1,0,0,1,0,0,1,1,0,0,0,0,1,1,0,0,0,0,0,0,1,0,0,1,0,1,1,0,1,1,1,0,1,0,1,0,1,0,1,0,0,1,1,1,0,1,1,1,1,0,0,1,1,1,1,0,1,1,0,1,1,1,1,0,1,1,1,0,0,0,1,1,1,0,0,1,0,0,1,1,0,1,0,0,0,0,1,0,0,0,1,0,0,0,0,0,1,1,0,0,1,0,1,1,0,0,0,1,1,0,1,0,0,1,0,1,0,0,1,1,1,1,0,0,1,0,1,0,1,1,0,1,0,0,0,0,1,0,0,1,0,0,0,0,1,0,1,0
"Ch_1_M_47",0,4,"Ch1",47,"T","A",1,2,3,1,1,2,2,3,2,2,1,1,3,2,2,3,3,2,1,3,2,1,1,1,2,2,1,3,2,2,1,2,3,2,2,3,3,2,1,2,2,2,2,1,2,2,2,1,1,3,2,2,2,2,2,3,1,1,1,2,2,1,2,3,2,2,2,2,2,2,2,2,2,2,2,2,3,2,3,3,2,2,2,3,2,2,2,2,3,2,2,1,3,2,3,2,1,2,3,1,1,2,1,2,2,2,2,2,2,2,2,2,2,1,2,1,2,2,3,2,2,1,2,2,2,3,2,3,2,2,2,2,2,2,3,1,3,2,2,2,2,3,3,2,2,3,3,3,2,2,2,2,2,2,2,2,1,2,2,2,2,1,1,2,2,2,2,1,2,2,1,2,2,2,2,2,2,2,2,2,2,2,2,2,3,2,2,1,2,2,3,2,1,2,2,3,1,2,2,2,2,2,1,2,2,1,3,2,3,2,2,2,2,3,2,1,3,1,3,2,1,2,2,2,3,1,1,2,2,2,2,2,2,3,1,3,2,2,3,1,2,2,2,1,2,1,1,2,2,1,2,2,2,2,1,2,2,2,1,2,2,2,3,2,2,3,2,2,2,3,3,3,2,3,2,2,1,2,2,2,1,2,2,2,2,2,2,1,2,2,1,2,1,2,2,2,2,2,1,2
"Ch_1_M_48",3,4,"Ch1",48,"T","T",4,5,3,3,3,5,4,5,4,4,4,3,3,3,2,4,4,4,2,4,2,4,2,4,2,4,3,4,5,3,4,4,4,2,5,4,3,4,3,4,2,4,5,4,5,3,5,3,4,4,2,4,3,3,3,3,4,3,3,3,2,3,4,5,3,3,3,3,5,3,4,5,4,5,3,2,3,2,4,4,3,3,2,4,4,4,3,5,5,3,4,3,4,3,3,2,3,2,3,4,3,3,2,3,4,5,5,5,3,2,4,4,2,3,4,4,4,2,4,4,4,4,2,3,4,5,3,4,4,3,3,4,4,4,3,4,4,4,4,3,2,3,4,4,5,4,4,5,3,4,4,4,3,4,4,3,3,3,3,3,4,3,4,5,3,2,3,4,4,4,4,4,2,4,5,3,4,3,4,4,2,2,3,4,3,5,2,3,4,5,4,3,3,3,3,3,4,4,4,3,2,3,3,3,3,3,3,4,4,4,4,4,2,4,3,3,3,3,3,4,3,5,4,3,3,3,3,3,5,3,3,3,5,4,3,4,4,4,3,4,5,4,4,4,4,4,3,4,4,2,4,4,3,3,2,2,5,3,4,3,2,4,3,5,4,3,4,2,4,4,3,4,3,3,4,4,3,3,3,4,3,4,5,4,4,4,5,3,4,3,4,2,3,4,5,3,3,4,2,4
"Ch_1_M_49",2,6,"Ch1",49,"A","A",3,4,5,4,4,4,4,4,4,4,4,5,4,4,4,4,4,4,5,4,4,4,4,4,4,4,4,4,3,5,4,4,4,4,4,3,4,5,5,5,4,4,4,4,4,4,4,5,4,3,5,4,4,4,3,5,4,5,4,3,4,4,3,4,4,4,5,4,3,4,4,3,4,3,5,5,5,4,5,3,5,5,5,4,4,4,4,4,4,4,4,4,4,5,4,4,4,4,5,3,5,4,4,4,4,4,4,3,3,4,4,5,5,4,4,3,4,5,4,3,4,4,4,4,4,4,4,4,4,5,4,4,5,4,4,4,4,4,4,4,4,4,4,3,4,5,4,4,4,4,4,4,4,3,4,4,5,4,5,4,4,5,4,4,3,5,4,3,3,4,4,4,4,4,3,4,4,4,3,4,5,4,3,4,5,4,4,4,3,4,3,4,5,5,4,4,4,3,4,4,5,4,4,4,3,3,4,4,3,4,4,3,5,4,4,4,4,3,4,3,5,3,4,4,5,5,4,5,3,4,4,4,4,4,4,4,4,3,4,4,4,4,3,3,4,3,4,3,4,4,4,4,4,5,5,4,4,4,4,4,5,4,5,4,5,4,4,4,5,5,5,3,4,4,4,4,4,4,4,4,4,4,4,4,4,4,4,5,4,4,4,5,4,4,3,5,5,4,5,5
"Ch_1_M_50",4,3,"Ch1",50,"T","T",3,3,3,3,3,4,5,4,4,4,4,4,3,2,4,3,4,4,3,3,4,4,3,4,4,4,4,3,3,2,3,4,4,4,4,3,4,3,4,3,4,3,3,4,4,4,4,3,4,3,4,4,4,4,4,3,4,4,4,4,3,4,5,4,4,4,2,4,3,3,3,3,3,3,3,3,4,4,4,4,4,3,4,3,4,3,5,4,4,4,2,3,4,3,3,3,3,3,3,3,4,5,3,4,5,3,3,3,4,3,4,3,4,3,3,3,2,3,4,4,4,4,4,4,3,4,2,4,3,3,3,3,3,2,3,4,3,3,3,4,4,3,3,3,3,4,4,4,4,2,3,2,4,5,3,3,3,4,3,3,3,4,4,3,4,3,4,4,4,4,4,3,3,3,3,3,3,3,3,4,4,4,3,5,3,3,4,3,3,3,3,4,4,3,2,3,3,3,3,3,3,4,4,3,3,3,3,4,3,3,4,2,4,4,3,3,3,3,4,4,3,4,3,3,3,4,3,3,4,4,3,3,3,3,4,4,3,4,3,3,3,3,3,4,3,3,4,4,2,3,4,3,3,4,3,3,3,4,4,3,4,4,4,3,3,3,5,4,4,4,4,3,3,3,5,4,3,3,2,3,3,2,4,3,4,4,4,4,2,5,4,3,4,3,3,4,3,3,3,4
"Ch_1_M_51",4,5,"Ch1",51,"T","G",4,4,5,4,4,4,5,5,5,5,4,4,5,4,5,5,5,5,4,5,5,4,4,4,5,4,4,5,4,4,4,5,5,5,4,5,5,4,4,4,5,4,4,4,4,5,4,4,4,5,5,5,5,5,5,5,4,4,4,5,5,4,5,5,5,5,4,5,4,4,4,4,4,4,4,5,5,4,5,5,5,4,5,5,4,4,5,4,5,5,4,4,5,4,5,5,4,5,5,4,4,5,4,5,5,4,4,4,5,5,4,4,5,4,4,4,4,5,5,5,4,4,5,5,4,5,4,5,4,4,4,4,4,4,5,4,5,4,4,5,5,5,5,4,4,5,5,5,5,4,4,4,5,5,4,4,4,5,4,4,4,4,4,4,5,5,5,4,5,5,4,4,5,4,4,5,4,4,4,4,5,5,5,5,5,4,5,4,4,4,4,5,4,4,4,5,4,4,4,4,5,5,4,5,5,4,5,4,5,4,5,4,5,5,4,4,5,4,5,5,4,4,4,4,5,4,4,4,4,5,4,5,4,5,4,5,4,5,5,4,4,4,4,4,4,4,4,5,4,4,5,4,4,5,4,5,4,5,4,5,5,5,5,4,4,5,5,5,4,5,5,5,5,5,5,4,4,5,4,4,4,4,4,4,5,4,4,4,4,5,4,5,4,4,4,5,4,4,4,4
"Ch_1_M_52",2,6,"Ch1",52,"T","T",4,4,4,3,4,4,5,4,4,5,4,4,4,3,3,4,5,4,4,5,4,5,3,5,4,4,3,5,4,4,4,5,4,4,5,4,4,4,4,4,4,5,5,5,4,3,4,4,4,4,4,4,4,4,4,4,5,4,4,4,3,4,4,5,3,3,4,5,4,4,4,4,4,4,4,4,4,4,4,4,4,4,4,4,4,4,4,5,5,5,5,4,4,4,4,4,4,4,4,4,4,3,4,4,5,4,4,4,4,4,3,4,4,3,5,4,4,4,4,4,3,5,4,4,4,5,4,5,4,4,4,4,4,5,3,5,5,5,5,4,4,4,5,4,4,4,3,5,4,5,4,4,4,4,3,4,4,3,4,4,3,4,5,5,4,4,3,4,4,4,5,4,4,3,4,5,4,4,4,3,4,4,4,4,4,5,4,3,4,5,4,4,4,4,4,3,4,4,4,3,4,4,3,4,4,4,4,4,4,4,4,4,4,5,4,4,3,4,3,4,4,4,4,3,4,4,4,4,4,4,3,5,5,5,3,3,3,4,3,4,4,4,4,4,3,4,4,4,5,3,5,3,4,4,4,3,5,4,5,5,4,4,4,5,4,3,5,3,4,4,4,4,4,3,4,4,5,5,3,4,5,5,4,4,5,3,5,4,5,3,4,4,4,3,4,4,4,4,4,4
"Ch_1_M_53",4,1,"Ch1",53,"T","C",2,2,3,2,2,2,2,2,2,2,2,2,3,3,3,3,3,2,3,3,3,2,3,2,3,2,2,3,2,3,2,2,3,3,2,3,3,2,2,2,3,3,2,2,2,2,2,2,2,3,3,2,3,3,3,3,2,2,2,3,3,2,2,2,2,2,3,3,2,3,2,2,3,2,3,3,3,3,2,3,2,3,3,3,2,2,2,2,2,3,3,2,3,3,3,3,3,3,3,2,2,2,3,2,2,2,2,2,3,3,2,2,3,2,3,2,3,3,2,2,2,2,3,3,2,2,3,3,3,3,3,2,2,3,3,2,3,3,3,2,3,3,3,3,2,2,2,2,2,3,2,3,3,2,2,3,2,2,3,3,2,2,2,2,3,3,2,2,2,2,2,2,3,2,2,3,2,3,3,2,3,3,3,2,3,2,3,2,3,2,2,2,2,3,3,3,2,3,3,3,3,2,2,3,3,3,3,2,3,3,2,3,3,3,3,2,3,3,3,2,2,2,3,3,2,2,2,3,2,2,3,3,2,3,2,2,2,2,3,2,2,2,3,2,2,2,2,2,3,3,2,2,3,2,3,3,2,2,2,3,3,2,3,2,2,3,2,3,2,2,3,3,3,3,2,2,3,3,3,2,3,3,2,3,2,2,2,2,3,2,2,3,2,2,2,2,3,2,3,2
"Ch_1_M_54",2,0,"Ch1",54,"T","A",1,2,1,1,0,2,1,2,2,1,2,1,0,1,1,2,1,2,1,1,0,1,1,1,0,0,1,1,1,1,2,1,2,0,1,1,0,1,1,1,0,1,1,1,2,1,2,1,2,1,1,2,2,2,1,1,1,1,0,1,1,0,1,1,1,1,1,1,1,0,0,1,2,1,1,1,1,0,1,1,1,1,1,2,0,0,0,1,1,1,1,0,2,1,0,0,2,0,1,1,1,1,0,0,1,2,2,1,1,0,1,1,1,1,1,1,2,1,0,1,1,1,0,2,0,1,0,1,2,1,0,0,1,1,1,1,1,1,1,0,0,0,1,1,2,1,1,1,0,1,1,2,2,1,1,1,1,1,1,0,1,1,1,1,1,1,1,1,1,2,1,0,0,1,1,1,0,0,1,1,1,0,1,2,1,1,0,1,1,1,1,0,1,1,0,1,2,1,2,1,1,0,1,2,1,1,0,0,1,2,2,1,1,1,0,0,1,1,1,1,1,1,2,1,1,1,0,1,1,0,1,1,1,1,1,1,1,1,1,2,2,0,1,1,1,1,0,1,1,1,1,1,0,1,1,1,1,0,1,1,1,2,1,1,1,1,1,1,1,1,1,1,2,1,2,1,1,1,1,0,1,1,2,2,1,1,1,1,1,1,2,1,0,1,1,1,1,0,1,1
"Ch_1_M_55",2,4,"Ch1",55,"G","T",3,1,4,3,4,1,3,2,2,4,1,2,4,3,4,2,3,3,3,3,4,2,3,2,4,3,3,3,3,3,2,3,2,5,2,3,4,2,2,2,4,3,2,3,1,3,1,3,2,4,3,3,2,3,3,4,3,3,3,3,4,4,3,3,4,3,3,3,3,3,3,2,2,2,2,4,3,4,3,3,4,2,3,3,3,4,4,2,3,3,3,4,2,2,4,5,2,5,3,3,3,3,4,4,3,1,1,2,4,5,2,3,4,3,2,3,2,4,4,3,2,2,4,3,4,3,4,3,1,4,4,3,3,3,4,3,4,2,2,4,5,5,4,2,3,3,3,3,5,3,2,2,2,3,2,3,3,3,3,4,2,3,3,3,3,4,3,2,3,2,3,3,5,3,3,4,4,3,2,2,3,4,4,2,4,3,4,3,3,3,3,5,2,3,4,3,2,2,2,3,4,4,3,3,4,3,4,3,4,1,3,3,4,3,4,4,3,3,3,4,3,2,2,3,3,3,3,2,2,4,3,4,2,4,3,3,2,3,3,2,2,3,2,3,2,3,3,3,3,3,4,2,4,4,3,4,2,4,2,4,3,3,3,2,3,3,3,4,2,3,3,4,3,3,2,2,2,4,3,4,3,3,1,1,3,2,2,3,3,3,1,3,3,2,3,3,2,3,3,2
"Ch_1_M_56",3,4,"Ch1",56,"G","A",5,4,2,5,5,3,3,3,4,3,4,4,2,4,3,3,2,3,3,3,4,4,4,4,4,4,4,3,4,3,4,4,2,3,3,4,3,4,4,4,4,2,4,3,3,5,3,4,3,3,4,3,3,2,4,2,3,3,5,4,4,5,4,3,4,5,3,3,4,4,5,5,2,5,3,3,2,3,3,3,3,3,2,2,4,4,4,3,3,3,3,5,2,3,4,4,3,4,3,5,3,4,4,5,3,4,4,5,3,4,4,3,2,5,3,5,3,3,4,5,4,4,4,2,4,3,4,3,3,2,3,5,3,3,3,3,2,3,3,5,3,3,2,4,2,3,4,3,4,3,4,3,3,4,5,2,4,5,3,3,5,3,3,3,4,3,5,5,5,4,3,5,4,4,4,3,4,4,4,4,3,4,4,3,2,3,4,5,3,3,4,4,4,2,4,4,4,4,2,3,3,5,4,3,4,4,4,4,3,3,3,4,2,2,3,5,4,4,3,4,4,4,3,3,3,3,5,3,4,5,3,3,4,2,4,4,5,5,4,4,3,5,4,4,5,5,5,5,3,4,3,5,3,3,3,4,4,5,4,3,3,3,2,4,3,4,3,3,3,3,2,4,3,4,3,3,3,3,4,4,3,3,3,3,4,4,3,3,3,4,4,3,5,5,4,4,3,5,3,3
"Ch_1_M_57",2,0,"Ch1",57,"C","A",1,1,1,0,1,1,2,1,1,2,1,1,2,0,0,1,2,1,1,2,1,2,0,2,1,1,0,2,1,1,1,2,1,1,2,1,1,1,1,1,1,2,2,2,1,0,1,1,1,1,0,1,1,1,1,1,2,1,1,1,0,1,1,2,0,0,1,2,1,1,1,1,1,1,1,1,1,1,1,1,1,1,1,1,1,1,1,2,2,2,2,1,1,1,1,1,1,1,1,1,1,0,1,1,2,1,1,1,1,1,0,1,1,0,2,1,1,1,1,1,0,2,1,1,1,2,1,2,1,1,1,1,2,2,0,2,2,2,2,1,1,1,1,1,1,1,0,2,1,2,1,1,1,1,0,2,1,0,1,1,0,1,2,2,1,1,0,1,1,1,2,1,1,0,1,2,1,1,1,0,1,1,1,1,1,2,1,0,1,2,1,1,1,1,1,0,1,1,1,0,1,1,0,1,1,1,1,1,1,1,1,1,1,2,1,1,0,1,0,1,1,1,1,0,1,1,1,1,1,1,0,2,2,2,0,0,0,1,0,1,1,1,0,1,0,1,1,1,2,0,2,0,1,1,1,0,2,1,2,2,2,1,1,2,1,0,2,0,1,1,1,1,1,0,1,1,2,2,0,1,2,2,1,1,2,0,2,1,2,0,1,1,1,0,1,1,1,1,1,1
"Ch_1_M_58",2,0,"Ch1",58,"G","T",1,0,1,1,2,0,1,0,0,1,0,1,1,1,1,0,1,0,1,1,2,1,1,1,2,2,1,1,1,1,0,1,0,2,1,1,2,1,1,1,2,1,1,1,0,1,0,1,0,1,1,0,0,0,1,1,1,1,2,1,1,2,1,1,1,1,1,1,1,2,2,1,0,1,1,1,1,2,1,1,1,1,1,0,2,2,2,1,1,1,1,2,0,1,2,2,0,2,1,1,1,1,2,2,1,0,0,1,1,2,1,1,1,1,1,1,0,1,2,1,1,1,2,0,2,1,2,1,0,1,2,2,1,1,1,1,1,1,1,2,2,2,1,1,0,1,1,1,2,1,1,0,0,1,1,1,1,1,1,2,1,1,1,1,1,1,1,1,1,0,1,2,2,1,1,1,2,2,1,1,1,2,1,0,1,1,2,1,1,1,1,2,1,1,2,1,0,1,0,1,1,2,1,0,1,1,2,2,1,0,0,1,1,1,2,2,1,1,1,1,1,1,0,1,1,1,2,1,1,2,1,1,1,1,1,1,1,1,1,0,0,2,1,1,1,1,2,1,1,1,1,1,2,2,1,1,1,2,1,1,1,0,1,1,1,1,1,1,1,1,1,1,0,1,0,1,1,1,1,2,1,1,0,0,1,1,1,1,1,1,0,1,2,1,1,1,1,2,1,1
"Ch_1_M_59",3,3,"Ch1",59,"C","A",2,2,4,2,3,3,3,2,1,3,2,3,4,3,3,2,4,2,4,3,3,3,3,3,3,4,3,3,3,4,2,2,3,4,4,2,5,3,3,3,3,5,3,4,3,1,3,3,3,3,2,2,2,3,2,4,4,4,3,2,2,3,2,3,2,1,5,3,3,4,3,2,4,2,4,3,4,5,3,3,3,4,4,3,4,4,3,4,3,3,4,4,3,4,3,3,3,3,3,2,4,2,4,2,3,2,2,2,2,3,3,4,4,2,4,2,3,3,3,1,3,3,3,3,4,3,4,3,3,4,5,3,4,4,3,4,4,4,4,2,4,4,4,3,3,3,2,3,3,4,3,3,2,2,2,5,3,1,4,5,2,4,4,4,2,3,1,2,1,1,4,3,3,3,3,3,4,4,3,3,3,3,2,2,4,4,3,2,4,4,3,3,3,5,4,2,2,3,4,4,3,2,3,2,2,3,3,4,3,3,2,3,4,4,5,3,2,3,3,2,3,3,3,4,3,4,3,4,3,2,4,3,3,4,3,2,2,1,2,2,3,3,3,3,2,2,3,1,4,3,3,2,5,3,4,2,3,2,3,3,3,2,4,3,4,3,3,3,4,3,4,2,2,2,2,4,4,3,3,4,4,4,3,3,2,3,4,4,4,2,2,3,3,2,3,2,4,3,4,4
"Ch_1_M_60",1,1,"Ch1",60,"A","A",1,0,1,0,1,0,1,0,0,1,0,0,2,1,1,1,2,0,1,2,2,1,1,1,2,1,0,2,1,1,0,1,1,2,1,1,2,0,0,0,2,2,1,1,0,0,0,0,0,2,1,0,1,1,2,1,1,0,1,2,1,1,1,1,0,0,1,2,1,2,1,1,1,1,1,1,1,2,0,2,0,1,1,1,1,1,1,1,1,2,2,2,1,1,2,2,1,2,1,1,0,0,2,1,1,0,0,0,1,2,0,0,1,0,2,1,1,1,1,1,0,1,2,1,1,1,2,2,1,1,2,1,1,2,1,1,2,2,2,1,2,2,1,2,1,0,0,1,1,2,0,1,1,1,0,2,0,0,1,2,0,0,1,1,2,1,0,2,1,0,1,1,2,0,1,2,1,2,2,0,1,2,2,0,1,1,2,0,2,1,1,1,0,1,2,1,0,2,1,1,1,1,0,1,2,2,1,1,2,1,0,2,1,2,2,1,1,2,1,1,0,1,0,1,0,0,1,1,1,1,1,2,1,2,0,0,0,1,1,0,0,1,1,1,0,1,1,1,2,1,2,0,2,1,1,1,1,1,1,2,2,0,1,1,0,1,1,1,1,0,1,2,1,1,0,0,2,2,1,1,2,2,0,1,1,0,1,0,2,0,0,1,1,0,1,0,1,1,1,0
"Ch_1_M_61",3,3,"Ch1",61,"C","C",2,3,4,2,3,2,3,3,3,3,2,3,4,3,2,4,4,2,4,5,4,3,3,3,4,3,1,5,2,4,2,4,3,3,3,3,3,4,3,4,4,3,4,2,2,3,2,3,1,3,3,2,3,2,3,4,2,2,3,3,4,3,2,4,2,3,3,4,2,4,4,3,2,3,4,4,4,3,4,3,3,4,4,3,2,3,3,3,4,4,4,4,3,4,5,4,2,4,5,2,2,2,3,4,3,3,3,3,2,4,2,3,3,2,4,2,3,4,4,3,2,3,4,2,3,4,4,4,3,3,3,4,3,4,3,2,4,4,4,4,3,4,4,3,3,4,3,4,3,4,4,3,3,2,3,3,3,3,3,3,3,2,2,3,3,4,3,3,3,3,2,4,4,2,2,4,3,4,3,2,3,4,3,2,4,3,4,2,2,3,1,3,3,3,4,4,2,3,2,2,4,4,1,3,3,2,4,3,3,3,2,3,3,4,3,3,4,2,3,2,3,2,2,2,4,2,4,4,2,4,2,4,4,4,1,3,3,3,4,2,2,4,3,1,3,2,3,3,4,2,4,3,4,4,3,3,4,4,3,4,4,2,4,4,3,3,3,2,3,4,4,3,3,4,2,3,4,4,3,3,3,4,2,3,4,2,3,2,4,2,2,3,3,3,2,4,4,4,3,3
"Ch_1_M_62",2,6,"Ch1",62,"A","G",3,4,5,4,4,4,4,4,4,4,4,5,4,4,4,4,4,4,5,4,4,4,5,4,4,4,4,4,3,5,4,4,4,4,4,3,4,5,5,5,4,4,4,4,4,4,4,5,4,3,4,4,4,4,3,5,4,5,4,3,5,4,3,4,4,4,5,4,3,4,4,3,4,3,5,5,5,4,5,3,5,5,5,4,4,4,4,4,4,4,4,4,4,5,4,4,4,4,5,3,5,4,4,4,4,4,4,4,3,4,4,5,5,4,4,3,4,5,4,3,4,4,4,4,4,4,4,4,4,5,4,4,4,4,4,4,4,4,4,4,4,4,5,3,4,5,4,4,4,4,5,4,4,3,4,4,5,4,5,4,4,5,4,4,3,5,4,3,3,4,4,4,4,4,3,4,4,4,3,4,4,4,3,4,4,4,4,4,3,4,3,4,5,5,4,4,4,3,4,4,5,4,4,4,3,3,4,4,3,4,4,3,5,4,4,4,4,3,4,3,5,3,4,4,5,4,4,5,3,4,4,4,4,4,4,4,4,3,4,4,4,4,4,3,4,3,4,3,4,4,4,4,4,4,5,4,4,4,4,4,4,4,5,4,4,4,4,3,5,5,5,3,4,4,4,5,4,4,4,4,4,4,4,4,4,4,4,5,4,4,4,5,4,4,3,5,4,4,5,5
"Ch_1_M_63",1,3,"Ch1",63,"A","A",2,2,3,2,2,1,2,2,3,3,2,2,3,2,2,3,2,3,3,3,2,2,3,2,2,0,1,3,1,3,3,3,2,2,1,1,1,2,2,2,2,2,2,2,2,2,1,3,2,2,2,3,3,3,2,3,2,2,1,2,4,2,1,2,2,2,2,3,1,1,1,1,2,1,2,4,2,1,2,1,3,2,2,3,1,1,1,1,2,3,3,2,2,2,2,3,3,3,3,2,2,1,2,2,2,2,2,2,1,3,0,2,3,2,2,2,2,4,1,1,0,2,2,3,1,2,2,3,2,3,1,1,2,3,2,2,3,2,2,1,2,3,3,1,3,2,1,2,2,3,2,3,3,1,1,2,3,2,3,1,1,2,2,2,2,4,2,2,1,3,2,1,3,1,1,4,1,1,1,1,3,2,3,2,3,2,2,2,1,2,1,2,2,2,2,2,3,1,2,1,4,2,1,4,3,2,1,0,2,2,3,2,3,2,1,2,2,2,1,2,3,0,2,1,2,1,1,2,1,2,1,4,2,3,1,1,1,2,2,3,2,1,1,1,1,2,1,2,3,2,4,1,1,1,3,3,2,2,2,4,3,3,2,2,2,2,2,2,2,2,2,3,4,2,2,1,2,4,2,1,3,3,1,2,3,0,1,2,3,1,2,3,1,1,1,3,2,1,3,1
"Ch_1_M_64",1,5,"Ch1",64,"A","G",4,2,3,3,3,2,3,2,2,4,2,2,4,3,3,2,3,3,3,3,3,3,3,3,3,3,3,3,4,3,3,3,2,4,3,3,4,2,2,2,3,4,3,4,3,2,2,3,3,4,2,3,2,3,3,3,4,3,3,3,3,4,3,3,3,2,3,3,4,3,3,3,3,3,2,3,2,4,2,3,3,2,2,3,4,4,3,3,3,3,4,4,2,2,3,4,3,4,2,4,3,2,4,3,3,2,2,2,3,4,2,3,3,3,3,4,2,3,3,3,2,3,3,3,4,3,4,3,2,3,4,3,4,4,3,4,4,3,3,3,4,4,3,3,3,2,2,3,4,4,2,3,2,3,2,4,3,2,3,4,2,3,4,4,3,3,2,3,3,2,4,3,4,3,4,4,4,3,3,3,2,3,4,2,3,4,3,3,4,4,4,4,2,3,4,2,3,3,3,3,3,3,3,3,4,4,3,3,4,2,3,4,3,3,4,4,2,4,2,4,3,3,3,3,2,4,3,2,3,3,3,4,3,4,3,2,2,3,2,3,3,3,2,4,2,4,3,3,4,3,4,2,3,3,3,3,3,3,3,4,3,3,2,3,3,3,3,4,3,2,2,4,3,2,2,2,3,4,3,4,4,4,2,2,3,2,3,3,4,2,2,3,3,2,4,2,2,3,3,2
"Ch_1_M_65",2,6,"Ch1",65,"T","C",4,5,4,4,3,5,4,5,5,4,5,4,4,4,4,5,4,5,4,4,3,4,4,4,3,3,4,4,4,4,5,4,5,3,4,4,3,4,4,4,3,4,4,4,5,4,5,4,5,4,4,5,5,5,4,4,4,4,3,4,4,3,4,4,4,4,4,4,4,3,3,4,5,4,4,4,4,3,4,4,4,4,4,5,3,3,3,4,4,4,4,3,5,4,3,3,5,3,4,4,4,4,3,3,4,5,5,5,4,3,4,4,4,4,4,4,5,4,3,4,4,4,3,5,3,4,3,4,5,4,3,3,4,4,4,4,4,4,4,3,3,4,4,4,5,4,4,4,3,4,4,5,5,4,4,4,4,4,4,3,4,4,4,4,4,4,4,4,4,5,4,3,3,4,4,4,3,3,4,4,5,3,4,5,5,4,3,4,4,4,4,3,4,4,3,4,5,4,5,4,4,3,4,5,4,4,3,3,4,5,5,4,4,4,3,3,4,4,4,4,4,4,5,4,4,3,3,4,4,3,4,4,4,4,4,4,4,4,4,5,5,3,4,4,4,4,3,4,4,4,4,4,3,3,4,4,4,3,4,4,4,5,4,4,5,4,4,4,4,4,4,4,5,4,5,4,4,4,4,3,4,4,5,5,4,4,4,4,4,4,5,4,3,4,4,4,5,3,4,4
"Ch_1_M_66",2,3,"Ch1",66,"G","T",2,1,2,2,4,1,3,1,2,2,2,3,2,2,3,2,3,1,2,3,5,3,3,3,5,3,2,3,1,2,1,3,2,4,2,2,3,2,3,2,5,2,2,2,0,3,1,2,1,2,4,1,3,2,4,2,2,2,4,4,3,3,3,2,2,3,2,4,1,4,3,2,1,3,3,3,3,3,2,3,2,3,3,1,3,2,4,2,2,3,2,3,2,3,4,4,2,3,3,2,2,3,4,4,3,1,1,1,3,4,2,1,3,2,3,2,2,3,3,3,2,3,4,2,2,2,3,4,2,3,3,3,1,2,2,2,2,3,3,3,4,2,2,3,1,2,2,2,4,2,2,1,3,3,2,2,2,3,3,3,2,2,2,1,4,3,3,4,2,2,2,3,4,1,1,3,2,4,3,1,3,5,3,2,1,1,5,2,2,1,2,3,3,2,3,3,1,3,1,2,3,4,2,2,3,3,3,3,2,2,1,2,3,3,3,3,3,3,3,2,2,2,0,2,2,3,3,3,3,4,2,3,2,2,2,2,2,3,3,1,1,3,3,2,2,2,4,2,2,3,3,2,4,3,3,3,2,4,3,3,4,1,2,2,0,2,3,3,2,2,3,3,2,3,2,2,3,3,2,2,3,2,1,2,3,2,2,2,2,3,2,2,4,2,1,3,2,3,3,2
"Ch_1_M_67",1,4,"Ch1",67,"A","G",2,4,3,2,3,3,4,4,4,4,3,3,3,1,2,3,3,4,2,3,2,3,2,3,2,2,2,3,2,2,3,4,3,2,3,3,1,3,3,3,2,2,3,3,2,3,3,3,3,2,2,4,3,3,2,3,3,3,2,2,3,2,3,4,3,3,2,3,2,1,2,2,2,1,2,3,3,1,4,2,4,2,3,3,2,2,3,3,4,3,2,1,3,2,2,2,2,2,3,2,3,3,1,3,4,3,3,3,3,2,2,3,3,2,2,2,2,3,3,3,2,3,2,3,2,4,1,3,2,3,2,2,3,2,2,3,3,2,2,2,2,3,3,1,3,4,2,4,2,2,3,2,3,3,2,2,3,3,2,1,2,3,3,3,2,3,3,2,3,4,3,2,2,2,2,3,2,1,1,2,3,2,2,4,3,3,2,2,1,3,2,3,3,2,1,2,3,1,2,1,3,3,2,3,2,2,2,2,2,2,4,1,3,3,1,2,2,1,2,3,3,2,3,1,4,2,2,2,2,3,1,3,3,3,2,3,2,3,2,3,3,2,1,3,2,2,2,3,2,1,3,2,1,3,2,2,3,3,3,3,3,4,3,3,3,1,4,2,2,4,3,2,3,2,4,3,2,3,1,2,2,2,3,2,4,2,3,3,2,3,3,3,2,2,2,4,2,2,2,3
"Ch_1_M_68",2,2,"Ch1",68,"G","T",2,2,1,3,3,2,2,2,3,1,3,3,0,2,3,2,1,2,1,1,3,2,2,2,3,2,3,1,1,1,2,2,2,2,1,2,1,2,3,2,3,0,1,1,1,4,2,2,2,1,4,2,3,2,3,1,1,2,3,3,2,2,3,1,3,4,1,2,1,2,2,2,1,2,2,2,2,1,2,2,2,2,2,1,2,1,3,1,1,1,0,1,2,2,2,2,2,2,2,2,2,4,2,3,2,2,2,2,3,2,3,1,2,3,1,2,2,2,2,3,3,2,3,2,1,1,1,2,2,2,1,2,0,0,2,1,0,1,1,2,2,0,1,2,1,2,3,1,2,0,2,1,3,3,3,0,2,4,1,1,3,2,1,0,3,1,4,3,2,3,1,2,2,2,1,1,1,2,2,2,3,3,2,3,1,0,3,3,1,0,2,2,3,1,1,3,2,2,1,2,2,3,3,2,2,2,2,2,1,2,2,1,2,2,1,2,3,2,3,2,2,2,1,2,2,2,2,2,3,3,2,1,1,0,3,3,3,3,3,2,0,2,3,2,3,2,3,2,0,3,1,3,2,2,2,3,1,3,2,1,2,2,1,1,1,2,2,2,1,2,2,2,2,3,3,2,1,1,2,1,1,0,2,1,2,3,1,2,0,4,3,2,3,3,1,3,2,2,2,2
"Ch_1_M_69",3,0,"Ch1",69,"C","G",2,1,1,2,2,1,1,1,1,1,1,1,1,2,2,1,1,1,1,1,2,1,1,1,2,2,2,1,2,1,1,1,1,2,1,2,2,1,1,1,2,1,1,1,1,2,2,1,1,2,2,1,1,1,2,1,1,1,2,2,1,2,2,1,2,2,1,1,2,2,2,2,1,2,1,1,1,2,1,2,1,1,1,1,2,2,2,1,1,1,1,2,1,1,2,2,1,2,1,2,1,2,2,2,1,1,1,1,2,2,2,1,1,2,1,2,1,1,2,2,2,1,2,1,2,1,2,1,1,1,1,2,1,1,2,1,1,1,1,2,2,1,1,2,1,1,2,1,2,1,1,1,1,2,2,1,1,2,1,2,2,1,1,1,2,1,2,2,2,1,1,2,2,2,2,1,2,2,2,2,1,2,2,1,1,1,2,2,2,1,2,2,1,1,2,2,1,2,1,2,1,2,2,1,2,2,2,2,2,1,1,2,1,1,2,2,2,2,2,2,1,2,1,2,1,2,2,1,2,2,2,1,1,1,2,2,2,2,2,1,1,2,2,1,2,2,2,2,1,2,1,2,2,2,1,2,1,2,1,1,1,1,1,1,1,2,1,2,1,1,1,2,1,2,1,1,1,1,2,2,1,1,1,1,1,2,1,1,1,2,1,1,2,2,2,1,1,2,1,1
"Ch_1_M_70",1,4,"Ch1",70,"G","A",2,3,2,2,1,4,2,3,2,1,3,2,2,3,3,3,2,2,2,2,2,2,2,2,2,3,3,2,3,2,2,1,4,2,3,3,3,2,2,2,2,3,2,2,3,2,4,1,3,3,3,2,3,3,3,2,2,2,2,3,1,1,3,2,2,2,3,2,3,3,2,3,4,4,3,1,3,3,2,4,1,3,3,3,2,2,2,3,2,2,2,2,4,3,2,2,3,1,2,2,2,3,2,1,2,3,3,3,3,1,4,2,2,2,3,2,4,1,2,3,4,2,2,3,2,2,2,2,4,2,3,2,2,2,3,2,2,3,3,2,2,2,2,4,3,2,3,2,1,2,2,3,3,3,3,3,1,2,2,3,3,2,2,2,3,1,2,2,3,2,2,2,1,3,3,1,2,3,4,3,3,2,2,3,3,2,2,2,4,2,3,1,2,3,2,3,2,4,4,4,1,1,3,2,2,3,2,3,3,4,2,3,2,3,3,1,3,3,4,2,1,4,3,4,2,2,2,3,3,1,4,1,2,2,3,3,3,2,3,2,2,2,4,3,3,2,2,2,2,3,1,3,3,2,2,2,2,1,2,1,2,2,2,2,3,3,2,3,3,2,3,2,2,3,3,3,2,1,3,2,2,2,4,4,1,4,3,2,2,3,3,1,2,3,3,1,4,2,2,3
"Ch_1_M_71",1,0,"Ch1",71,"G","T",0,1,1,0,0,1,1,1,1,1,1,1,1,0,0,1,1,1,1,1,0,1,1,1,0,0,0,1,0,1,1,1,1,0,1,0,0,1,1,1,0,1,1,1,1,0,0,1,1,0,0,1,1,1,0,1,1,1,1,0,1,0,0,1,0,0,1,1,0,0,0,0,1,0,1,1,1,0,1,0,1,1,1,1,0,0,0,1,1,1,1,0,1,1,0,0,1,0,1,0,1,0,0,0,1,1,1,1,0,0,0,1,1,0,1,0,1,1,0,0,0,1,0,1,0,1,0,1,1,1,1,0,1,1,0,1,1,1,1,0,0,1,1,0,1,1,0,1,0,1,1,1,1,0,0,1,1,0,1,0,0,1,1,1,0,1,0,0,0,1,1,0,0,0,0,1,0,0,0,0,1,0,0,1,1,1,0,0,0,1,0,0,1,1,0,0,1,0,1,0,1,0,0,1,0,0,0,0,0,1,1,0,1,1,0,0,0,0,0,0,1,0,1,0,1,0,0,1,0,0,0,1,1,1,0,0,0,0,0,1,1,0,0,1,0,0,0,0,1,0,1,0,0,0,1,0,1,0,1,1,1,1,1,1,1,0,1,0,1,1,1,0,1,0,1,1,1,1,0,0,1,1,1,1,1,0,1,1,1,0,1,1,0,0,0,1,1,0,1,1
"Ch_1_M_72",3,3,"Ch1",72,"A","T",4,2,2,3,2,3,3,2,3,3,4,3,3,3,3,3,4,3,3,3,3,4,5,4,3,2,3,2,3,3,4,3,3,3,3,2,3,2,3,2,4,4,3,4,4,2,2,3,4,3,3,3,4,4,4,2,4,3,3,4,2,3,3,2,2,2,3,4,3,3,2,3,4,4,3,3,2,3,1,4,2,3,2,3,3,2,2,3,2,4,4,3,3,3,2,3,5,3,2,4,3,2,3,2,3,3,3,3,3,3,2,2,4,3,4,4,4,3,1,3,2,4,3,4,2,2,3,4,4,3,3,2,3,4,2,4,3,4,4,2,3,3,2,4,3,1,1,2,3,4,2,4,4,3,2,4,3,2,5,3,2,3,4,3,4,4,2,3,2,3,4,2,3,2,3,4,2,3,4,2,4,3,4,3,3,3,3,3,4,3,4,2,3,3,3,3,3,4,4,3,3,3,3,4,4,4,2,2,3,4,3,4,3,2,3,3,2,5,2,3,3,3,3,2,1,3,2,3,4,2,3,4,3,3,3,1,2,3,2,3,3,2,3,4,2,4,3,3,4,4,4,2,3,1,4,3,3,2,4,4,4,3,2,3,3,3,3,4,3,1,2,4,4,2,3,2,5,4,3,2,5,4,3,4,3,2,3,3,4,2,4,3,3,2,3,2,4,2,4,2
"Ch_1_M_73",0,5,"Ch1",73,"A","A",3,3,2,3,3,3,3,3,3,3,3,3,2,2,2,2,2,3,2,2,2,3,2,3,2,3,3,2,3,2,3,3,2,2,3,3,2,3,3,3,2,2,3,3,2,3,3,3,3,2,2,3,2,2,2,2,3,3,3,2,3,3,3,3,3,3,2,2,3,2,3,3,2,2,2,2,2,2,3,2,3,2,2,2,3,3,3,3,3,2,2,2,2,2,2,2,2,3,2,3,3,3,2,3,3,2,2,3,3,2,3,3,2,3,2,3,2,2,3,3,3,3,3,2,3,3,2,2,2,2,2,3,3,2,2,3,2,2,2,3,2,2,2,2,2,2,3,3,2,2,3,2,2,3,3,2,3,3,2,2,3,3,3,3,2,2,3,2,3,3,3,3,2,3,3,2,3,2,2,3,2,2,2,3,2,3,2,3,2,3,3,3,3,2,2,2,3,2,2,2,2,2,3,2,2,2,3,3,2,2,3,2,2,2,2,3,2,2,2,3,3,3,3,2,3,3,3,2,3,3,2,2,3,2,3,3,3,3,2,3,3,3,2,3,3,3,3,3,2,2,2,3,2,3,2,2,3,3,3,2,2,3,2,3,3,2,3,2,2,3,2,2,2,2,3,3,2,2,2,3,2,2,3,2,3,3,3,3,2,3,3,3,3,3,3,3,2,3,2,3
"Ch_1_M_74",1,1,"Ch1",74,"C","C",1,0,1,0,1,0,1,0,0,1,0,0,2,1,1,1,2,0,1,2,2,1,2,1,2,1,0,1,1,1,0,1,1,1,1,1,2,0,0,0,2,2,1,1,1,0,0,0,0,2,1,0,1,1,2,1,1,0,0,2,0,1,1,1,0,0,1,2,1,2,1,1,1,2,1,1,1,2,0,2,0,1,1,1,1,1,1,1,1,2,2,2,1,1,2,2,1,1,1,1,0,0,2,1,1,1,1,0,1,2,0,0,1,0,2,1,1,1,1,1,0,1,1,1,1,1,2,2,1,1,1,1,1,2,1,1,2,2,2,1,2,2,1,2,1,1,0,1,2,2,0,1,1,1,0,2,0,0,2,2,0,0,1,1,2,2,0,2,1,0,1,1,2,0,1,2,1,2,2,0,1,2,2,0,1,1,2,0,2,1,1,1,0,1,2,1,0,2,1,1,1,2,0,1,2,2,1,1,2,1,0,2,1,1,2,1,1,2,1,1,0,1,0,1,0,1,1,1,1,1,1,2,1,2,1,0,0,1,1,0,1,1,1,0,0,1,1,1,2,1,2,0,2,1,1,1,1,1,1,2,2,0,1,1,0,1,1,2,1,0,1,2,1,1,0,0,2,2,1,1,2,2,0,1,1,0,1,0,2,0,0,0,1,0,1,0,1,1,1,0
"Ch_1_M_75",4,4,"Ch1",75,"A","T",4,3,4,4,3,4,4,3,3,4,4,4,4,4,5,4,5,4,4,3,4,4,5,4,4,4,4,3,4,4,4,3,4,5,4,3,5,3,4,3,5,5,3,5,4,3,4,4,5,4,4,4,4,5,4,4,5,5,4,4,4,4,4,3,4,3,5,4,4,4,3,3,5,4,4,4,4,5,3,4,4,4,4,4,4,4,4,4,3,5,4,4,4,4,3,5,5,4,3,4,5,4,4,3,4,3,3,3,4,4,4,4,5,4,4,4,4,4,3,4,4,4,4,5,4,3,4,4,4,4,5,3,4,4,4,5,4,4,4,3,5,4,4,4,4,4,3,3,4,4,3,4,4,4,3,5,4,3,5,5,3,5,5,4,4,4,3,4,3,3,5,4,4,4,4,4,4,4,4,4,4,4,4,4,4,3,4,4,5,4,5,4,4,5,4,4,3,4,5,5,4,4,5,4,4,5,3,4,4,4,4,4,5,4,5,4,3,5,4,4,4,4,4,4,3,5,3,4,4,3,5,4,3,4,5,4,3,3,3,4,4,3,4,5,3,4,4,4,4,5,4,3,4,3,5,4,3,3,4,4,4,4,4,3,4,4,4,5,5,3,4,4,4,3,4,4,5,4,4,4,5,4,4,5,3,4,4,5,4,4,4,4,4,3,4,3,4,3,5,4
"Ch_1_M_76",3,3,"Ch1",76,"C","T",2,4,3,3,2,5,3,4,3,2,5,4,2,3,3,3,2,3,3,2,2,3,2,3,2,4,5,3,3,3,3,2,4,3,4,3,3,4,4,4,2,3,3,3,3,3,5,3,4,2,3,3,3,3,2,3,3,4,4,2,3,3,3,3,3,3,4,1,3,3,3,4,4,3,4,2,4,3,4,3,3,4,4,3,4,3,3,4,3,2,2,2,4,4,2,2,3,2,3,2,4,4,2,2,3,3,3,4,3,1,5,4,3,3,3,2,4,2,3,3,5,3,3,3,3,3,2,2,4,3,4,3,2,2,3,3,2,3,3,3,3,2,3,3,3,4,4,3,1,2,4,3,4,3,4,3,3,3,2,3,4,4,3,3,2,1,3,2,3,3,3,3,1,4,3,1,3,3,3,4,3,2,1,4,3,3,2,3,3,3,3,2,4,4,2,3,4,3,4,4,2,2,4,2,1,2,3,4,2,4,3,2,3,4,3,2,3,2,4,2,3,4,4,3,4,3,3,4,3,2,4,1,3,2,3,3,4,2,3,3,3,3,4,4,4,2,3,2,2,3,1,4,3,3,3,2,3,2,3,1,2,3,3,3,4,3,3,2,4,4,4,2,2,3,4,5,2,1,3,3,2,2,5,4,2,5,4,4,2,4,4,3,3,4,3,3,4,3,3,5
"Ch_1_M_77",1,0,"Ch1",77,"G","A",0,1,1,0,0,1,1,1,1,1,1,1,1,0,0,1,1,1,1,1,0,1,1,1,0,0,0,1,0,1,1,1,1,0,1,0,0,1,1,1,0,1,1,1,1,0,0,1,1,0,0,1,1,1,0,1,1,1,1,0,1,1,0,1,0,0,1,1,0,0,0,1,1,0,1,1,1,0,1,0,1,1,1,1,0,0,0,1,1,1,0,0,1,1,0,0,1,0,1,0,1,0,0,0,1,1,1,1,0,0,0,1,1,0,1,0,1,1,0,0,0,1,0,1,0,1,0,1,1,1,1,0,1,1,0,1,1,1,1,0,1,1,1,0,1,1,0,1,0,1,1,1,1,0,0,1,1,0,1,0,0,1,1,1,0,1,0,0,0,1,1,0,0,1,0,1,0,0,0,0,1,0,0,1,1,1,0,0,0,1,0,0,1,1,0,0,1,0,1,0,1,0,1,1,0,0,0,0,0,1,1,0,1,1,0,0,0,0,0,0,1,0,1,0,1,0,0,1,0,0,0,1,1,1,0,0,1,0,0,1,1,0,0,1,0,0,0,1,1,0,1,0,0,0,1,0,1,0,1,1,1,1,1,0,1,0,1,0,1,1,1,0,1,0,1,1,1,1,0,0,1,1,1,1,1,0,1,1,1,0,1,1,0,0,0,1,1,0,1,1
"Ch_1_M_78",3,5,"Ch1",78,"C","A",5,5,3,4,4,5,5,5,5,5,5,4,4,3,3,4,4,5,3,4,3,5,4,5,3,4,4,3,5,3,5,5,4,3,5,5,3,4,4,4,3,4,5,5,4,4,4,4,5,4,3,5,4,4,4,3,5,4,4,4,4,4,5,5,4,4,3,4,5,3,4,5,4,4,3,3,3,3,4,4,4,3,3,4,4,4,4,5,5,4,4,3,4,3,3,3,4,4,3,5,4,3,3,4,5,4,4,5,5,3,4,4,3,4,4,5,4,3,4,5,4,5,4,4,4,5,3,4,4,3,3,4,4,4,3,5,4,4,4,4,3,5,3,4,4,3,4,5,3,4,4,4,4,5,4,4,4,4,4,3,4,4,5,5,4,4,4,3,5,5,5,4,3,5,5,4,4,3,4,4,4,3,4,5,4,5,3,4,4,5,5,3,4,3,3,3,5,4,4,3,3,3,4,4,4,4,4,4,4,4,5,4,3,3,3,4,3,4,3,5,4,5,5,3,4,4,4,3,5,4,3,4,5,4,5,4,5,5,3,4,5,4,3,5,4,5,4,5,4,3,4,4,3,4,3,3,5,4,5,4,4,5,3,4,5,3,5,4,3,4,3,5,4,3,5,4,4,4,3,4,4,4,5,4,5,4,5,4,4,4,5,4,4,4,5,4,4,4,3,4
"Ch_1_M_79",1,6,"Ch1",79,"T","G",4,4,3,4,3,4,3,4,4,3,4,3,3,4,4,4,3,4,3,3,3,3,3,3,3,3,4,3,4,3,4,3,4,4,3,3,3,3,3,3,3,3,3,3,4,4,4,3,4,4,4,4,4,4,4,3,3,3,3,4,3,3,4,3,4,4,3,3,4,3,3,4,4,4,3,3,3,3,3,4,3,3,3,4,3,3,3,3,3,3,4,3,4,3,3,3,4,3,3,4,3,4,3,3,3,4,4,4,4,3,4,3,3,4,3,4,4,3,3,4,4,3,3,4,3,3,3,3,4,3,3,3,3,3,4,3,3,3,3,3,3,3,3,4,4,3,4,3,3,3,3,4,4,4,4,3,3,4,3,3,4,3,3,3,4,3,4,3,4,4,3,3,3,4,4,3,3,3,4,4,4,3,4,4,4,3,3,4,4,3,4,3,3,3,3,4,4,4,4,4,3,3,4,4,4,4,3,3,4,4,4,4,3,3,3,3,4,4,4,4,3,4,4,4,3,3,3,3,4,3,4,3,3,3,4,4,4,4,4,3,3,3,4,4,4,4,3,3,3,4,3,4,3,3,3,4,3,3,3,3,3,4,3,3,4,4,3,4,3,3,3,4,4,4,4,3,3,3,4,3,3,3,4,4,3,4,3,3,3,4,4,3,3,4,4,3,4,3,3,3
"Ch_1_M_80",4,2,"Ch1",80,"C","C",2,3,3,2,3,3,3,3,3,2,3,3,3,3,3,3,3,2,3,3,4,3,3,3,4,3,3,4,2,3,2,3,4,3,3,3,3,3,3,3,3,3,3,2,3,3,3,2,2,3,4,2,4,3,4,3,2,2,3,4,2,2,3,3,2,3,3,3,2,4,3,3,3,4,4,3,4,3,3,4,2,3,4,3,3,2,3,3,3,3,3,3,4,4,4,3,3,2,4,2,2,4,4,3,3,4,4,3,3,3,3,2,3,2,4,2,4,3,3,3,3,3,3,3,2,3,3,4,4,3,3,3,3,3,3,2,3,4,4,3,3,2,3,4,3,4,3,3,3,3,3,3,4,3,3,3,3,3,3,3,3,2,2,2,4,3,3,4,3,3,2,2,3,2,2,3,2,4,4,2,4,4,3,3,3,3,4,2,3,2,2,3,3,3,3,4,3,4,3,3,3,4,2,3,3,3,3,3,3,4,2,3,3,4,3,3,4,3,4,2,2,3,2,3,3,2,3,4,3,3,3,3,3,3,2,2,3,3,4,2,2,3,4,2,3,2,3,2,3,3,3,3,4,3,3,3,3,3,3,3,4,2,3,3,2,3,3,3,3,3,4,2,3,4,3,3,3,3,3,2,3,3,3,3,3,3,3,2,3,3,3,2,3,3,2,3,4,3,3,3
"Ch_1_M_81",4,5,"Ch1",81,"G","G",4,5,5,4,5,4,5,5,5,4,4,4,5,4,5,5,5,5,4,5,5,4,4,4,5,4,4,5,4,4,4,5,5,5,4,5,4,4,4,4,4,4,4,4,4,5,4,4,4,5,5,5,5,5,5,5,4,4,4,5,5,4,5,5,5,5,4,5,4,4,4,4,4,4,4,5,5,4,5,4,5,4,5,5,4,4,5,4,5,5,4,4,5,4,5,5,4,4,5,4,4,5,5,5,5,5,5,4,5,5,4,4,4,4,4,4,4,5,5,5,4,4,4,5,4,5,4,5,4,5,4,4,4,4,5,4,5,4,4,4,5,5,5,4,5,5,5,5,5,4,4,4,4,5,4,4,5,5,4,4,4,4,4,4,5,5,5,5,5,5,4,4,5,4,4,5,4,4,4,4,5,5,5,5,5,4,5,4,4,4,4,5,4,4,4,5,4,4,4,4,5,5,4,5,5,5,4,4,5,4,5,4,5,5,4,5,5,4,5,5,4,4,4,5,5,4,4,5,4,5,4,5,4,5,4,5,4,5,5,4,4,4,4,4,4,4,4,5,4,4,5,4,4,5,4,5,4,5,4,5,5,5,5,4,4,4,5,5,4,5,5,4,5,5,5,4,4,5,4,4,4,4,4,4,5,4,4,4,4,5,4,4,4,4,4,5,4,4,4,4
"Ch_1_M_82",0,1,"Ch1",82,"A","C",0,0,1,0,0,0,0,0,0,0,0,0,1,1,1,1,1,0,1,1,1,0,1,0,1,0,0,1,0,1,0,0,1,1,0,0,1,0,1,0,1,1,0,0,1,0,0,0,0,1,1,0,1,1,1,1,0,0,0,1,0,0,0,0,0,0,1,1,0,1,0,0,1,1,1,1,1,1,0,1,0,1,1,1,0,0,0,0,0,1,1,1,1,1,1,1,1,0,1,0,0,1,1,0,0,1,1,0,0,1,0,0,1,0,1,0,1,1,0,0,0,0,0,1,0,0,1,1,1,1,1,0,1,1,1,0,1,1,1,0,1,0,1,1,1,1,0,0,1,1,0,1,1,0,0,1,0,0,1,1,0,0,0,0,1,1,0,1,0,0,0,0,1,0,0,1,0,1,1,0,1,1,1,0,1,0,1,0,1,0,0,1,0,1,1,1,0,1,1,1,1,1,0,1,1,1,0,0,1,1,0,1,1,1,1,1,1,1,1,0,0,0,0,1,0,0,0,1,0,0,1,1,0,1,0,0,0,0,1,0,0,0,1,0,0,0,0,0,1,1,1,0,1,0,1,1,0,0,0,1,1,0,1,0,0,1,0,1,1,0,1,0,1,1,0,0,1,1,1,0,1,1,0,1,0,0,0,0,1,0,0,0,0,0,0,0,1,0,1,0
"Ch_1_M_83",3,5,"Ch1",83,"G","G",4,3,4,4,5,3,4,3,4,4,3,5,4,4,3,3,4,3,5,3,4,5,5,5,5,4,3,5,3,5,4,5,3,3,4,4,4,5,5,5,5,4,5,4,4,4,3,5,3,3,4,3,4,3,5,4,4,4,5,4,4,5,3,4,3,4,4,5,3,5,5,4,3,4,5,5,3,4,4,4,4,5,4,3,4,4,4,4,4,4,4,5,3,5,5,4,4,5,5,4,4,3,5,5,4,4,4,4,4,5,3,4,5,4,5,4,4,4,4,3,3,5,5,3,5,4,5,5,4,4,4,5,5,5,3,4,4,5,5,5,4,5,4,4,3,4,3,4,5,5,5,4,4,3,4,4,5,3,5,3,4,4,4,4,4,5,4,5,3,4,4,4,5,3,3,5,4,5,4,3,4,5,4,3,3,5,5,4,3,4,3,4,5,4,5,4,4,4,3,3,5,5,3,4,4,3,5,4,3,4,3,4,4,4,4,5,4,4,3,3,5,4,3,3,4,4,5,5,4,5,3,5,5,4,3,3,4,4,4,5,4,5,4,3,4,4,5,4,5,4,5,3,5,4,5,4,5,5,5,5,5,3,4,5,3,4,4,3,4,4,4,4,4,4,3,4,5,5,4,4,5,5,3,3,5,3,4,4,5,3,4,5,5,4,3,5,4,5,5,4
"Ch_1_M_84",4,2,"Ch1",84,"C","A",3,3,2,3,4,3,4,3,4,3,3,4,2,2,3,2,3,3,2,2,3,4,3,4,4,3,3,3,2,2,3,4,3,3,3,3,2,3,4,3,3,2,3,3,2,4,3,3,3,2,4,3,4,3,4,2,3,3,4,4,3,3,4,3,3,4,2,3,2,3,3,3,2,3,3,3,3,2,3,3,3,3,3,3,3,2,4,3,3,3,2,2,3,3,3,3,3,3,3,3,3,3,4,4,4,3,3,3,4,3,3,2,3,3,3,3,3,3,3,4,3,4,4,3,2,3,2,4,3,3,2,3,2,2,2,3,2,3,3,3,3,4,2,3,2,3,3,3,3,2,3,2,3,4,3,2,4,4,3,2,3,3,3,2,4,3,4,4,3,4,3,2,3,2,2,3,2,3,3,2,4,4,3,4,2,3,4,3,2,2,3,3,4,2,2,4,3,3,2,2,3,4,3,3,3,3,3,3,2,3,3,2,3,3,2,3,3,3,3,3,3,3,2,2,3,3,3,3,4,4,2,3,3,2,3,3,3,4,3,3,2,3,3,3,3,3,4,3,2,3,3,3,3,3,3,3,3,4,4,3,4,3,2,3,2,2,4,3,2,3,3,3,3,3,4,3,3,3,2,2,3,2,3,2,4,3,3,3,2,4,4,3,4,3,2,4,3,3,3,3
"Ch_1_M_85",4,2,"Ch1",85,"C","T",3,3,2,3,3,4,3,3,3,3,4,4,2,3,2,2,2,2,3,2,3,4,3,4,3,4,4,3,3,3,3,3,3,2,4,3,3,4,3,4,3,3,4,3,3,3,4,3,3,2,3,2,3,2,3,2,3,3,4,3,2,3,3,3,2,3,3,2,3,4,4,4,3,4,4,2,3,3,3,4,2,3,3,2,4,3,3,4,3,2,3,3,3,4,3,2,3,3,3,3,3,3,3,3,3,3,3,4,3,2,4,3,3,3,4,3,4,2,3,3,4,4,4,2,3,3,3,3,4,2,3,4,3,3,2,3,2,4,4,4,2,3,2,4,2,3,3,3,2,3,4,3,4,3,4,3,3,3,3,3,4,3,3,3,3,2,3,3,3,3,3,3,2,3,3,2,3,4,4,3,3,3,2,3,2,4,3,3,3,3,3,2,4,3,3,3,4,4,3,3,2,3,3,2,2,2,4,4,2,4,2,3,2,3,3,2,3,3,3,2,3,4,3,2,3,3,4,3,4,3,3,2,4,2,3,2,4,3,3,3,3,4,4,3,4,4,4,2,3,3,2,3,4,3,3,2,4,3,4,2,3,2,3,4,3,3,3,2,3,3,3,3,2,3,3,4,3,2,3,3,3,3,4,3,3,4,4,3,3,3,4,3,4,4,3,3,4,4,3,4
"Ch_1_M_86",1,2,"Ch1",86,"C","T",2,2,2,1,2,1,2,2,1,2,1,0,3,1,1,2,1,2,1,2,2,1,1,1,1,2,1,1,3,1,1,2,1,1,2,3,2,1,0,1,1,2,2,2,1,1,1,1,1,3,0,2,0,1,1,2,2,1,0,1,2,1,2,3,2,1,1,2,3,1,2,1,1,1,0,1,1,2,2,1,2,0,1,1,2,3,2,2,3,2,2,2,1,0,2,2,0,2,1,2,1,1,1,2,2,2,1,1,2,2,1,2,0,1,1,2,0,1,3,2,1,1,1,1,2,3,2,1,0,1,1,2,2,2,2,2,3,1,1,2,1,2,2,1,2,1,2,3,2,2,1,1,0,2,1,2,1,1,1,2,1,1,2,3,1,2,1,1,3,1,2,3,2,2,3,2,3,1,1,2,0,1,2,1,2,2,1,1,2,3,2,2,0,1,2,0,1,0,1,1,1,1,1,1,2,2,2,2,3,0,2,2,2,1,2,2,1,2,1,3,1,2,2,2,2,2,2,1,1,2,1,2,2,3,2,2,1,2,1,1,3,2,0,1,1,2,1,3,2,0,2,3,1,3,0,1,2,2,1,2,1,2,2,2,2,1,2,2,1,2,1,2,1,1,1,1,1,1,1,3,1,2,1,1,2,1,2,1,2,1,0,1,1,1,3,1,0,2,0,2
"Ch_1_M_87",3,2,"Ch1",87,"G","A",2,2,3,2,3,2,4,2,2,4,2,3,3,1,3,2,3,3,2,2,3,3,3,3,3,3,2,2,2,2,2,3,2,3,3,3,3,2,3,2,3,3,2,4,1,2,2,3,3,2,2,3,2,3,3,3,4,4,3,2,4,3,3,3,3,2,3,3,2,2,2,1,2,1,2,3,2,3,3,1,4,3,3,3,3,3,4,3,3,4,1,3,2,2,2,4,3,3,2,2,4,2,3,3,3,1,1,1,4,3,2,3,3,2,2,2,1,2,3,3,2,3,3,3,2,3,2,3,1,4,3,2,2,2,2,4,3,2,2,2,3,3,3,1,2,3,2,3,3,2,2,1,1,3,1,3,3,3,3,2,1,4,4,3,2,3,2,3,2,2,4,3,3,2,2,3,3,2,1,2,2,3,2,3,2,2,3,2,2,3,3,4,3,3,2,2,1,1,2,2,3,3,3,2,2,3,2,3,2,1,3,1,4,2,3,3,2,2,2,3,3,3,2,2,3,4,2,2,2,3,2,3,2,3,3,3,1,2,1,3,3,2,1,3,1,1,3,4,2,2,3,3,2,3,3,2,2,3,3,3,3,3,3,2,2,1,3,4,3,3,3,3,2,1,3,3,3,2,1,3,3,2,2,2,3,3,3,4,2,3,2,3,3,1,2,3,1,2,3,3
"Ch_1_M_88",4,1,"Ch1",88,"A","A",3,2,2,3,3,2,3,3,3,3,2,3,2,2,3,2,3,3,2,2,2,3,3,3,3,2,2,2,2,2,3,3,2,3,2,2,2,2,3,2,3,2,2,3,2,3,2,3,3,2,3,3,3,3,3,2,3,3,3,3,3,3,3,2,3,3,2,3,2,2,2,2,2,2,2,3,2,2,2,2,3,3,2,3,2,2,3,2,2,3,2,2,2,2,2,3,3,3,2,3,3,2,3,3,3,2,2,2,3,3,2,2,3,3,2,3,2,3,2,3,2,3,3,3,2,2,2,3,2,3,2,2,2,2,2,3,2,2,2,2,3,3,2,2,2,2,2,2,3,2,2,2,2,3,2,2,3,3,3,2,2,3,3,2,3,3,3,3,2,3,3,2,3,2,2,3,2,2,2,2,3,3,3,3,2,2,3,3,2,2,3,3,3,2,2,3,2,2,2,2,3,3,3,3,3,3,2,2,2,2,3,2,3,2,2,3,2,2,2,3,3,2,2,2,2,3,2,2,3,3,2,3,2,2,3,3,2,3,2,3,2,2,2,3,2,2,3,3,2,3,3,2,2,2,2,3,2,3,3,3,3,3,2,2,2,2,3,3,2,2,2,3,3,2,3,2,3,3,2,2,3,2,2,2,3,2,2,3,2,3,3,3,3,2,2,3,2,2,3,2
"Ch_1_M_89",4,5,"Ch1",89,"C","T",4,5,5,4,4,5,4,4,4,4,5,4,5,5,4,5,4,4,5,5,5,4,4,4,4,4,5,5,5,5,4,4,5,4,5,5,5,5,4,5,4,5,5,4,5,4,5,4,4,5,4,4,4,4,4,5,4,4,4,4,4,4,4,5,4,4,5,4,5,5,5,5,5,5,5,4,5,5,5,5,4,4,5,4,5,5,4,5,5,4,5,5,5,5,5,4,4,4,5,4,4,5,4,4,4,5,5,5,4,4,5,5,4,4,5,4,5,4,5,4,5,4,4,4,5,5,5,4,5,4,5,5,5,5,5,4,5,5,5,5,4,4,5,5,5,5,5,5,4,5,5,5,5,4,5,5,4,4,4,5,5,4,4,5,4,4,4,4,5,4,4,5,4,5,5,4,5,5,5,5,4,4,4,4,5,5,4,4,5,5,4,4,4,5,5,4,5,5,5,5,4,4,4,4,4,4,5,5,5,5,4,5,4,5,5,4,5,5,5,4,4,5,5,5,5,4,5,5,4,4,5,4,5,5,4,4,5,4,5,4,5,5,5,4,5,5,4,4,5,4,4,5,5,5,5,4,5,4,4,4,4,4,5,5,5,5,4,4,5,5,5,4,4,5,4,5,4,4,5,5,4,5,5,5,4,5,5,4,5,4,4,4,4,5,5,4,5,5,4,5
"Ch_1_M_90",1,6,"Ch1",90,"G","G",3,4,4,3,3,4,4,4,4,4,4,4,4,3,3,4,4,4,4,3,3,4,4,4,3,3,3,3,3,4,4,4,4,3,4,4,3,4,4,4,3,4,4,4,4,3,3,4,4,3,3,4,4,4,4,4,3,4,4,3,4,4,3,4,3,3,4,4,3,3,3,4,4,3,4,4,4,3,4,3,4,4,4,4,3,3,3,4,4,4,3,3,4,4,3,3,4,3,4,3,4,3,3,3,4,3,4,4,3,3,4,4,4,3,4,3,4,3,3,3,3,3,3,4,3,4,3,4,4,4,4,3,4,4,3,4,4,4,4,3,4,4,4,3,4,4,3,4,3,4,4,4,4,3,3,4,4,3,4,3,3,4,4,4,3,4,3,3,3,4,4,3,3,4,3,4,3,3,3,3,4,3,3,4,4,4,3,3,3,4,3,3,4,4,3,3,4,4,4,3,4,3,3,4,3,3,3,3,3,4,4,3,3,3,3,3,3,3,3,3,4,4,4,3,4,3,3,4,4,3,3,4,4,4,3,3,4,3,4,4,4,3,3,4,3,3,3,4,4,3,4,3,4,3,4,3,4,4,4,4,4,4,4,3,4,3,4,4,4,4,4,4,4,3,4,4,4,4,3,3,4,4,3,4,4,4,4,3,4,3,4,4,3,3,3,4,4,3,4,4
"Ch_1_M_91",3,6,"Ch1",91,"G","T",4,4,5,4,5,4,5,4,4,5,4,5,5,4,4,4,4,4,5,4,5,5,5,5,5,5,4,4,4,5,4,5,4,4,5,5,5,5,5,5,5,5,5,5,4,4,4,5,4,4,4,4,4,4,5,5,5,5,5,4,5,4,4,5,4,4,5,5,4,4,5,4,4,4,5,5,4,5,5,4,5,5,5,4,5,5,5,5,5,5,4,5,4,5,5,5,5,5,5,4,5,4,5,5,5,4,4,4,5,5,4,5,5,4,5,4,4,4,5,4,4,5,5,4,5,5,5,5,4,5,5,5,5,5,4,5,5,5,5,5,5,5,5,4,4,5,4,5,4,5,5,4,4,4,4,5,5,4,5,4,4,5,5,5,4,5,4,5,4,4,5,5,5,4,4,5,5,5,4,4,4,5,4,4,4,5,5,4,4,5,4,5,5,5,5,4,4,4,4,4,5,5,4,4,4,4,5,5,4,4,4,4,5,4,5,5,4,4,4,4,5,5,4,4,5,5,5,5,4,5,4,5,5,5,4,4,4,4,4,5,5,5,4,4,4,4,5,4,5,4,5,5,5,5,5,4,5,5,5,5,5,4,5,5,4,4,5,5,5,5,5,5,4,4,4,5,5,4,4,5,5,5,4,4,5,5,5,4,5,4,4,5,5,4,4,5,4,5,5,5
"Ch_1_M_92",1,1,"Ch1",92,"C","C",1,2,0,1,1,2,1,2,2,0,2,1,0,1,1,1,1,1,0,1,1,1,0,1,1,1,2,2,1,0,1,1,2,1,1,1,0,1,1,1,0,0,1,0,1,2,2,0,1,1,2,1,2,1,1,0,0,0,1,2,0,1,2,1,1,2,1,0,1,2,1,2,1,2,1,0,2,0,1,2,0,0,1,1,1,0,0,1,1,0,2,0,2,1,1,0,0,0,1,1,0,2,1,1,1,2,2,2,1,0,2,0,0,1,1,1,2,1,1,2,2,1,1,1,0,1,0,1,2,0,0,1,0,0,1,0,0,1,1,1,0,1,0,2,1,1,2,1,1,0,1,1,2,2,2,0,1,2,0,1,2,0,0,0,2,0,2,1,2,2,0,0,0,1,1,1,0,1,1,1,2,1,1,2,1,1,1,1,1,0,1,0,1,0,0,2,2,2,1,1,0,1,1,1,1,1,1,1,1,2,1,1,0,2,0,0,2,1,2,1,0,1,1,1,1,0,1,1,2,1,1,0,1,0,1,1,2,2,2,0,0,1,2,1,2,2,1,1,0,1,0,1,1,1,0,1,1,1,1,0,1,2,0,1,1,1,1,0,0,1,1,0,1,2,2,1,0,1,1,0,0,0,2,1,1,1,1,1,0,2,2,0,1,2,1,1,2,1,0,1
"Ch_1_M_93",2,4,"Ch1",93,"A","T",2,3,3,1,3,3,5,3,3,4,3,3,4,1,3,3,4,3,2,2,4,4,4,4,4,4,2,2,2,2,2,4,4,3,5,4,3,2,4,2,3,4,3,4,2,2,2,2,3,3,3,3,4,4,5,3,3,3,3,4,3,2,4,4,2,2,3,4,2,3,2,2,3,3,3,3,4,3,3,3,3,3,4,4,3,2,3,4,4,5,3,3,4,3,3,4,4,2,3,2,3,3,4,3,4,3,3,2,4,3,3,2,3,1,4,2,3,2,3,3,2,3,3,3,2,4,3,5,3,3,3,2,3,3,2,4,4,4,4,2,3,4,3,3,3,4,2,4,3,3,2,2,3,4,1,4,3,3,4,3,1,3,4,3,4,4,3,4,3,3,4,2,3,2,2,4,2,3,3,1,4,4,3,4,3,3,4,1,3,3,3,4,3,3,2,3,2,3,3,2,3,4,2,3,3,4,2,3,3,3,3,2,4,3,3,3,3,3,3,3,2,4,2,2,3,3,2,3,3,3,2,4,3,4,3,2,2,3,3,2,3,2,2,3,1,2,3,3,3,2,4,3,4,3,3,2,3,3,4,4,5,3,2,2,2,1,4,5,3,3,4,3,3,2,4,3,4,3,1,2,4,3,2,3,4,3,4,2,3,3,3,2,3,1,2,3,3,2,3,4
"Ch_1_M_94",2,6,"Ch1",94,"G","G",4,4,4,3,4,4,5,4,4,5,4,4,5,3,3,4,4,4,4,3,4,5,5,5,4,4,3,3,4,4,4,5,4,3,5,5,4,4,4,4,4,5,5,5,4,3,3,4,4,4,3,4,4,4,5,4,4,4,4,4,4,4,4,5,3,3,4,5,4,4,4,4,4,4,4,4,4,4,4,4,4,4,4,4,4,4,4,5,5,5,4,4,4,4,4,4,5,4,4,4,4,3,4,4,5,4,4,4,4,4,4,4,4,3,5,4,4,4,4,3,3,4,4,3,4,5,4,5,4,4,4,4,5,5,3,5,5,5,5,4,4,5,4,4,4,4,3,5,4,5,4,4,4,4,3,5,4,3,5,4,3,4,5,5,4,5,4,4,4,4,5,4,4,4,4,5,4,4,4,4,4,4,4,4,4,5,4,3,4,5,4,4,4,4,4,3,4,4,4,3,4,4,3,4,4,4,4,4,4,4,4,4,4,3,4,4,3,4,3,4,4,5,4,3,4,4,4,4,4,4,3,5,5,5,4,3,4,4,4,4,5,4,4,4,3,4,4,4,5,3,5,4,5,4,4,3,5,4,5,5,5,4,4,4,4,3,5,5,4,4,4,5,4,3,4,4,5,4,3,4,5,5,3,4,5,4,5,3,5,3,4,4,4,3,4,4,4,4,4,5
"Ch_1_M_95",2,0,"Ch1",95,"G","T",1,1,1,0,1,1,2,1,1,2,1,1,2,0,0,1,1,1,1,0,1,2,2,2,1,1,0,0,1,1,1,2,1,0,2,2,1,1,1,1,1,2,2,2,1,0,0,1,1,1,0,1,1,1,2,1,1,1,1,1,1,1,1,2,0,0,1,2,1,1,1,1,1,1,1,1,1,1,1,1,1,1,1,1,1,1,1,2,2,2,1,1,1,1,1,1,2,1,1,1,1,0,1,1,2,1,1,1,1,1,1,1,1,0,2,1,1,1,1,0,0,1,1,0,1,2,1,2,1,1,1,1,2,2,0,2,2,2,2,1,1,2,1,1,1,1,0,2,1,2,1,1,1,1,0,2,1,0,2,1,0,1,2,2,1,2,1,1,1,1,2,1,1,1,1,2,1,1,1,1,1,1,1,1,1,2,1,0,1,2,1,1,1,1,1,0,1,1,1,0,1,1,0,1,1,1,1,1,1,1,1,1,1,0,1,1,0,1,0,1,1,2,1,0,1,1,1,1,1,1,0,2,2,2,1,0,1,1,1,1,2,1,1,1,0,1,1,1,2,0,1,1,2,1,1,0,2,1,2,2,2,1,1,1,1,0,1,2,1,1,1,2,1,0,1,1,2,1,0,1,2,2,0,1,2,1,2,0,2,0,1,1,1,0,1,1,1,1,1,2
"Ch_1_M_96",3,6,"Ch1",96,"C","T",5,5,4,4,4,5,5,5,5,5,5,4,5,4,4,5,5,4,4,4,4,5,5,5,4,4,4,4,5,4,5,5,5,4,5,5,4,4,4,4,4,5,5,5,5,4,4,4,5,5,4,5,5,5,5,4,4,4,4,5,4,5,5,5,4,4,4,5,5,5,4,5,5,5,4,4,5,4,5,5,4,4,4,5,4,4,4,5,5,5,5,4,5,4,4,4,5,4,4,5,4,4,4,4,5,5,5,5,4,4,5,4,4,4,5,5,5,5,4,4,4,4,4,4,4,5,4,5,5,4,4,4,5,5,4,5,5,5,5,4,4,5,4,5,5,4,4,5,5,5,4,5,5,5,4,5,4,4,5,5,4,4,5,5,5,5,5,4,5,5,5,4,4,5,5,5,4,4,5,5,5,4,5,5,5,5,4,4,5,5,5,4,4,4,4,4,5,5,5,4,4,4,4,5,5,5,4,4,5,5,5,5,4,4,4,4,4,5,4,5,4,5,5,4,4,4,4,4,5,4,4,5,5,5,5,4,5,5,5,4,5,4,5,5,4,5,4,5,5,4,4,4,5,4,4,4,5,4,5,5,5,5,4,4,5,4,4,5,4,4,4,5,5,4,5,4,5,5,4,4,5,5,4,5,5,4,5,4,5,4,5,4,4,4,5,4,5,4,4,5
"Ch_1_M_97",3,4,"Ch1",97,"T","A",2,3,4,2,4,3,5,3,3,4,3,4,4,2,4,3,4,4,3,3,5,4,4,4,5,5,3,3,3,3,2,4,4,4,5,4,3,3,5,3,4,4,3,4,2,3,3,3,3,3,4,3,4,4,5,4,4,4,4,4,4,2,4,4,2,3,4,4,2,3,3,2,3,3,4,3,4,4,3,3,4,4,5,4,4,3,4,4,4,5,3,4,4,4,4,5,4,3,4,2,4,4,4,4,4,3,3,2,5,4,3,3,4,2,4,2,3,3,4,4,3,4,4,4,3,4,4,5,3,4,4,3,3,3,3,4,4,4,4,3,4,4,4,3,3,5,3,4,3,3,3,2,3,4,2,4,4,4,4,3,2,4,4,3,4,4,3,5,3,3,4,3,4,2,2,4,3,4,3,2,4,5,3,4,3,3,5,3,3,3,3,5,4,4,3,4,2,3,3,3,4,5,3,3,3,4,3,4,3,3,3,2,5,4,4,4,4,3,4,3,3,4,2,3,4,4,3,4,3,4,3,4,3,4,3,3,2,3,3,3,3,3,3,3,2,2,4,3,3,3,4,4,4,4,4,3,4,4,4,4,5,3,3,3,2,2,4,5,4,4,5,3,3,3,4,4,4,3,3,3,5,3,3,3,4,4,4,3,3,4,3,3,4,2,2,4,3,3,4,4
"Ch_1_M_98",1,5,"Ch1",98,"A","A",3,2,4,4,3,2,2,2,2,3,2,3,3,4,4,3,3,4,4,4,3,2,3,2,3,3,3,3,3,4,3,2,2,4,2,2,4,3,3,3,4,3,2,3,3,3,3,4,2,3,3,3,2,3,2,4,4,4,3,2,4,3,2,2,4,3,3,3,3,2,3,2,3,2,3,4,2,4,2,2,4,4,3,3,3,4,4,2,2,3,2,4,2,3,3,3,3,4,3,3,4,3,3,3,2,2,2,2,3,4,2,4,4,3,2,3,2,3,3,3,3,3,3,4,4,2,4,2,2,4,4,3,3,3,4,3,3,2,2,3,4,2,4,2,3,3,3,2,3,3,3,3,2,2,3,3,3,3,3,3,3,4,3,3,2,3,2,3,2,2,3,4,4,3,3,2,4,3,3,3,2,3,3,2,3,2,3,4,3,3,3,4,3,3,4,3,2,2,3,4,4,3,4,3,3,3,3,3,3,2,3,3,4,3,4,4,3,3,3,3,4,2,3,4,3,4,3,3,2,3,4,3,2,3,3,4,2,2,2,4,3,3,2,3,3,2,3,3,3,4,4,3,2,3,4,4,2,3,2,3,2,2,4,3,3,4,3,3,4,3,3,3,3,3,2,3,3,3,4,4,3,3,3,3,2,3,2,4,4,3,2,4,3,3,3,3,2,3,4,2
"Ch_1_M_99",2,4,"Ch1",99,"C","C",2,3,3,1,3,3,5,3,3,4,3,3,4,1,4,3,4,3,2,3,4,4,4,4,4,4,3,2,3,2,2,4,4,3,5,4,2,2,4,2,3,4,3,4,2,2,2,2,3,3,3,3,4,4,5,3,3,3,3,3,3,2,4,5,1,2,3,4,2,3,2,2,3,3,3,2,4,3,3,3,3,3,4,4,3,2,3,4,4,5,3,3,4,3,3,4,4,2,3,2,3,3,3,3,4,3,3,2,4,3,3,2,3,2,4,2,3,3,3,3,2,3,3,3,2,4,3,5,3,3,3,2,3,3,2,4,4,4,3,2,3,4,3,3,3,4,2,4,3,3,2,2,3,4,1,4,3,3,4,3,1,3,4,3,4,4,3,4,3,3,4,2,3,2,2,4,2,3,3,2,4,4,3,4,3,3,4,2,3,3,3,4,3,3,2,3,2,3,3,2,3,4,2,3,3,4,2,3,3,3,3,2,4,3,3,3,3,3,3,3,2,4,2,2,3,3,2,3,3,3,2,4,3,4,3,2,2,3,3,2,3,2,3,3,1,2,3,3,3,2,3,3,4,3,3,2,4,3,4,4,5,3,2,2,2,1,3,5,3,3,4,3,3,2,4,3,4,3,2,2,5,3,2,3,4,3,4,2,2,3,3,2,3,1,2,3,3,2,3,4
"Ch_1_M_100",1,5,"Ch1",100,"C","G",2,3,4,3,3,3,2,3,2,2,3,3,3,4,3,3,2,3,4,4,4,2,2,2,3,3,3,4,2,4,2,2,3,3,3,3,4,4,3,4,3,3,3,2,3,3,4,3,2,3,3,2,2,2,2,4,3,3,3,3,3,2,2,3,4,3,4,2,3,3,4,3,3,3,4,3,3,4,3,3,3,3,4,2,4,4,3,3,3,2,3,4,3,4,4,4,2,3,4,2,3,4,3,3,2,3,3,3,3,3,3,4,3,2,3,2,3,2,4,3,4,3,3,3,4,3,3,2,3,3,4,4,3,3,4,2,3,3,3,4,3,2,4,3,3,4,4,3,2,3,4,3,3,2,4,3,3,3,2,3,4,3,2,3,2,2,2,3,3,2,2,4,3,3,3,2,4,4,3,3,2,3,2,2,3,3,3,3,3,3,2,3,3,4,4,3,3,3,3,4,3,3,3,2,2,2,4,4,3,3,2,3,3,4,4,3,4,3,4,2,3,3,3,4,4,3,4,4,2,3,4,2,3,3,2,3,3,2,3,3,3,4,3,2,4,3,3,2,3,3,3,4,3,4,4,3,3,3,2,2,2,2,4,4,3,4,3,2,4,4,4,2,2,3,2,4,2,2,4,4,2,3,4,3,2,4,3,3,4,3,2,3,3,4,3,3,3,4,3,3
